drawDate,winningNumber1,winningNumber2,winningNumber3,winningNumber4,winningNumber5,megaBall,multiplier,rules,,Statistics:,Old Game,2013 Rules,2017 Rules,,,,
2002-05-17,15,18,25,33,47,30,,2002,,,,,,,,,
2002-05-21,4,28,39,41,44,9,,2002,,,,,,,,,
2002-05-24,2,4,32,44,52,36,,2002,,Old Game Statistics (up to 2013-10-18),,,,2013 Rules,2017 Rules,,
2002-05-28,6,21,22,29,32,24,,2002,,,Perfect Frequency =,,1.79%,,,,
2002-05-31,12,28,45,46,52,47,,2002,,Number,# of times,Frequency,,MegaBall,# of times ,Frequency,
2002-06-04,3,25,29,30,48,48,,2002,,1,97,1.63%,,1,25,2.10%,
2002-06-07,14,22,27,28,42,13,,2002,,2,123,2.07%,,2,23,1.93%,
2002-06-11,5,6,9,33,44,52,,2002,,3,104,1.75%,,3,30,2.52%,
2002-06-14,4,8,32,37,43,2,,2002,,4,112,1.88%,,4,27,2.27%,
2002-06-18,6,13,18,27,45,18,,2002,,5,110,1.85%,,5,23,1.93%,
2002-06-21,13,18,32,39,49,6,,2002,,6,106,1.78%,,6,26,2.18%,
2002-06-25,4,18,21,27,41,50,,2002,,7,104,1.75%,,7,29,2.44%,
2002-06-28,18,31,49,50,51,4,,2002,,8,101,1.70%,,8,26,2.18%,
2002-07-02,14,22,32,35,44,6,,2002,,9,112,1.88%,,9,27,2.27%,
2002-07-05,11,20,26,29,41,41,,2002,,10,126,2.12%,,10,29,2.44%,
2002-07-09,26,29,31,44,48,40,,2002,,11,104,1.75%,,11,23,1.93%,
2002-07-12,13,19,23,38,47,15,,2002,,12,112,1.88%,,12,22,1.85%,
2002-07-16,10,24,35,49,52,47,,2002,,13,109,1.83%,,13,31,2.61%,
2002-07-19,7,15,24,37,46,9,,2002,,14,122,2.05%,,14,20,1.68%,
2002-07-23,10,12,29,32,38,7,,2002,,15,105,1.76%,,15,25,2.10%,
2002-07-26,20,27,28,37,49,32,,2002,,16,112,1.88%,,16,19,1.60%,
2002-07-30,2,6,22,27,44,1,,2002,,17,116,1.95%,,17,20,1.68%,
2002-08-02,10,16,23,28,31,7,,2002,,18,114,1.92%,,18,21,1.76%,
2002-08-06,2,6,38,40,50,14,,2002,,19,101,1.70%,,19,26,2.18%,
2002-08-09,7,17,23,43,44,26,,2002,,20,119,2.00%,,20,27,2.27%,
2002-08-13,3,10,15,18,25,52,,2002,,21,108,1.82%,,21,34,2.86%,
2002-08-16,22,31,33,44,52,43,,2002,,22,112,1.88%,,22,26,2.18%,
2002-08-20,2,13,20,23,43,6,,2002,,23,94,1.58%,,23,18,1.51%,
2002-08-23,5,19,20,45,48,44,,2002,,24,114,1.92%,,24,27,2.27%,
2002-08-27,2,5,11,18,45,22,,2002,,25,107,1.80%,,25,23,1.93%,
2002-08-30,6,31,32,42,51,42,,2002,,26,96,1.61%,,26,25,2.10%,
2002-09-03,8,23,36,49,51,10,,2002,,27,110,1.85%,,27,21,1.76%,
2002-09-06,31,39,42,49,51,35,,2002,,28,109,1.83%,,28,17,1.43%,
2002-09-10,4,6,10,21,25,21,,2002,,29,108,1.82%,,29,27,2.27%,
2002-09-13,24,32,37,40,51,12,,2002,,30,103,1.73%,,30,24,2.02%,
2002-09-17,7,10,19,26,44,5,,2002,,31,119,2.00%,,31,25,2.10%,
2002-09-20,1,2,4,5,46,8,,2002,,32,119,2.00%,,32,17,1.43%,
2002-09-24,8,32,34,42,50,21,,2002,,33,89,1.50%,,33,27,2.27%,
2002-09-27,23,27,30,33,36,5,,2002,,34,94,1.58%,,34,34,2.86%,
2002-10-01,7,21,30,32,37,15,,2002,,35,102,1.71%,,35,29,2.44%,
2002-10-04,10,42,43,45,51,1,,2002,,36,116,1.95%,,36,37,3.11%,
2002-10-08,18,34,43,47,50,25,,2002,,37,93,1.56%,,37,20,1.68%,
2002-10-11,9,11,17,26,41,29,,2002,,38,111,1.87%,,38,33,2.77%,
2002-10-15,6,20,27,34,51,22,,2002,,39,125,2.10%,,39,25,2.10%,
2002-10-18,10,31,40,48,51,38,,2002,,40,110,1.85%,,40,24,2.02%,
2002-10-22,16,20,26,36,48,32,,2002,,41,96,1.61%,,41,22,1.85%,
2002-10-25,8,15,34,39,47,4,,2002,,42,109,1.83%,,42,29,2.44%,
2002-10-29,9,10,14,41,49,35,,2002,,43,99,1.66%,,43,21,1.76%,
2002-11-01,5,10,22,23,43,37,,2002,,44,106,1.78%,,44,26,2.18%,
2002-11-05,2,7,16,28,36,47,,2002,,45,103,1.73%,,45,23,1.93%,
2002-11-08,17,19,37,47,48,14,,2002,,46,120,2.02%,,46,23,1.93%,
2002-11-12,3,28,45,48,50,24,,2002,,47,90,1.51%,,47,7,0.59%,
2002-11-15,6,17,44,49,51,39,,2002,,48,125,2.10%,,48,4,0.34%,
2002-11-19,7,16,20,40,52,8,,2002,,49,102,1.71%,,49,7,0.59%,
2002-11-22,11,16,19,22,46,5,,2002,,50,112,1.88%,,50,4,0.34%,
2002-11-26,3,21,27,31,43,34,,2002,,51,128,2.15%,,51,1,0.08%,
2002-11-29,8,25,33,42,49,40,,2002,,52,116,1.95%,,52,11,0.92%,
2002-12-03,1,15,19,40,51,26,,2002,,53,89,1.50%,,,,,
2002-12-06,4,8,30,36,52,48,,2002,,54,69,1.16%,,,,,
2002-12-10,3,5,9,16,31,28,,2002,,55,66,1.11%,,,,,
2002-12-13,2,13,14,24,46,34,,2002,,56,72,1.21%,,,,,
2002-12-17,3,7,21,29,49,46,,2002,,,,,,,,,
2002-12-20,10,14,41,46,49,52,,2002,,,,,,,,,
2002-12-24,8,24,39,43,52,43,,2002,,,,,,,,,
2002-12-27,11,14,26,30,39,3,,2002,,,,,,,,,
2002-12-31,8,21,29,42,51,34,,2002,,,,,,,,,
2003-01-03,6,14,28,37,46,3,,2002,,,,,,,,,
2003-01-07,15,16,28,34,51,33,,2002,,,,,,,,,
2003-01-10,7,17,18,34,50,18,,2002,,,,,,,,,
2003-01-14,30,39,41,47,52,27,,2002,,,,,,,,,
2003-01-17,25,26,38,42,46,27,,2002,,,,,,,,,
2003-01-21,4,41,48,50,51,23,,2002,,,,,,,,,
2003-01-24,16,31,37,40,41,5,,2002,,,,,,,,,
2003-01-28,13,24,26,32,47,34,,2002,,,,,,,,,
2003-01-31,1,8,9,19,22,21,,2002,,,,,,,,,
2003-02-04,5,12,16,22,24,48,,2002,,,,,,,,,
2003-02-07,3,9,20,26,27,50,,2002,,,,,,,,,
2003-02-11,18,20,23,48,49,10,,2002,,,,,,,,,
2003-02-14,11,13,19,32,47,21,,2002,,,,,,,,,
2003-02-18,12,22,29,42,50,11,,2002,,,,,,,,,
2003-02-21,21,28,29,40,51,20,,2002,,,,,,,,,
2003-02-25,2,4,6,37,47,38,,2002,,,,,,,,,
2003-02-28,11,16,26,48,49,13,,2002,,,,,,,,,
2003-03-04,2,26,36,37,41,22,,2002,,,,,,,,,
2003-03-07,7,10,32,36,41,33,,2002,,,,,,,,,
2003-03-11,10,15,26,28,39,10,,2002,,,,,,,,,
2003-03-14,3,6,14,31,33,8,,2002,,,,,,,,,
2003-03-18,13,14,16,29,49,29,,2002,,,,,,,,,
2003-03-21,6,17,18,40,50,8,,2002,,,,,,,,,
2003-03-25,15,21,37,40,42,7,,2002,,,,,,,,,
2003-03-28,8,12,21,27,29,15,,2002,,,,,,,,,
2003-04-01,7,12,26,45,47,36,,2002,,,,,,,,,
2003-04-04,6,22,28,31,40,18,,2002,,,,,,,,,
2003-04-08,8,10,24,38,45,6,,2002,,,,,,,,,
2003-04-11,15,26,27,38,39,46,,2002,,,,,,,,,
2003-04-15,16,29,31,39,52,21,,2002,,,,,,,,,
2003-04-18,5,15,24,50,52,3,,2002,,,,,,,,,
2003-04-22,3,9,15,28,52,7,,2002,,,,,,,,,
2003-04-25,1,12,32,48,51,29,,2002,,,,,,,,,
2003-04-29,6,8,9,33,35,32,,2002,,,,,,,,,
2003-05-02,2,5,19,32,34,52,,2002,,,,,,,,,
2003-05-06,5,14,32,44,52,24,,2002,,,,,,,,,
2003-05-09,1,10,20,22,28,39,,2002,,,,,,,,,
2003-05-13,17,20,47,49,50,34,,2002,,,,,,,,,
2003-05-16,5,10,16,26,39,52,,2002,,,,,,,,,
2003-05-20,2,16,36,44,49,3,,2002,,,,,,,,,
2003-05-23,12,20,31,33,50,17,,2002,,,,,,,,,
2003-05-27,10,11,17,20,26,3,,2002,,,,,,,,,
2003-05-30,1,21,28,33,51,3,,2002,,,,,,,,,
2003-06-03,4,20,25,29,32,20,,2002,,,,,,,,,
2003-06-06,10,14,28,39,40,35,,2002,,,,,,,,,
2003-06-10,14,15,23,32,52,37,,2002,,,,,,,,,
2003-06-13,12,15,16,20,51,33,,2002,,,,,,,,,
2003-06-17,27,31,34,40,52,1,,2002,,,,,,,,,
2003-06-20,1,2,3,12,37,35,,2002,,,,,,,,,
2003-06-24,2,26,43,44,47,31,,2002,,,,,,,,,
2003-06-27,1,14,20,31,40,43,,2002,,,,,,,,,
2003-07-01,28,32,39,45,48,31,,2002,,,,,,,,,
2003-07-04,6,7,22,37,46,8,,2002,,,,,,,,,
2003-07-08,2,9,27,29,35,18,,2002,,,,,,,,,
2003-07-11,1,4,10,16,18,10,,2002,,,,,,,,,
2003-07-15,1,26,33,43,48,22,,2002,,,,,,,,,
2003-07-18,29,30,34,38,44,39,,2002,,,,,,,,,
2003-07-22,1,5,31,38,47,3,,2002,,,,,,,,,
2003-07-25,33,46,47,50,51,30,,2002,,,,,,,,,
2003-07-29,1,17,19,32,42,33,,2002,,,,,,,,,
2003-08-01,2,11,27,30,33,46,,2002,,,,,,,,,
2003-08-05,7,32,34,38,44,49,,2002,,,,,,,,,
2003-08-08,6,9,35,40,43,42,,2002,,,,,,,,,
2003-08-12,8,11,18,35,51,26,,2002,,,,,,,,,
2003-08-15,1,16,20,41,52,13,,2002,,,,,,,,,
2003-08-19,7,11,24,28,52,16,,2002,,,,,,,,,
2003-08-22,4,19,31,32,51,31,,2002,,,,,,,,,
2003-08-26,9,28,42,44,49,47,,2002,,,,,,,,,
2003-08-29,8,11,17,42,52,10,,2002,,,,,,,,,
2003-09-02,22,26,27,32,39,14,,2002,,,,,,,,,
2003-09-05,7,9,28,41,42,19,,2002,,,,,,,,,
2003-09-09,14,15,30,39,46,30,,2002,,,,,,,,,
2003-09-12,16,22,23,38,46,45,,2002,,,,,,,,,
2003-09-16,15,20,24,30,46,42,,2002,,,,,,,,,
2003-09-19,13,14,24,34,47,13,,2002,,,,,,,,,
2003-09-23,5,16,24,49,51,28,,2002,,,,,,,,,
2003-09-26,5,29,32,45,52,29,,2002,,,,,,,,,
2003-09-30,2,26,37,40,46,49,,2002,,,,,,,,,
2003-10-03,19,21,30,31,52,51,,2002,,,,,,,,,
2003-10-07,1,2,22,40,41,43,,2002,,,,,,,,,
2003-10-10,4,19,36,42,48,13,,2002,,,,,,,,,
2003-10-14,18,19,21,33,40,29,,2002,,,,,,,,,
2003-10-17,14,20,31,46,48,18,,2002,,,,,,,,,
2003-10-21,18,34,46,51,52,38,,2002,,,,,,,,,
2003-10-24,8,9,16,30,31,15,,2002,,,,,,,,,
2003-10-28,6,9,20,40,47,26,,2002,,,,,,,,,
2003-10-31,6,12,13,36,46,3,,2002,,,,,,,,,
2003-11-04,16,24,43,44,45,22,,2002,,,,,,,,,
2003-11-07,6,18,23,26,30,31,,2002,,,,,,,,,
2003-11-11,2,5,17,21,22,43,,2002,,,,,,,,,
2003-11-14,3,13,31,41,42,52,,2002,,,,,,,,,
2003-11-18,4,11,25,30,52,36,,2002,,,,,,,,,
2003-11-21,14,26,28,36,42,14,,2002,,,,,,,,,
2003-11-25,22,32,37,40,41,52,,2002,,,,,,,,,
2003-11-28,19,26,31,44,50,19,,2002,,,,,,,,,
2003-12-02,10,13,24,34,49,4,,2002,,,,,,,,,
2003-12-05,1,12,15,18,44,42,,2002,,,,,,,,,
2003-12-09,4,14,15,24,48,41,,2002,,,,,,,,,
2003-12-12,9,16,32,45,46,26,,2002,,,,,,,,,
2003-12-16,16,24,31,46,47,47,,2002,,,,,,,,,
2003-12-19,5,10,17,35,39,38,,2002,,,,,,,,,
2003-12-23,2,13,21,22,49,52,,2002,,,,,,,,,
2003-12-26,1,10,17,20,29,36,,2002,,,,,,,,,
2003-12-30,12,18,21,32,46,49,,2002,,,,,,,,,
2004-01-02,7,8,36,44,48,9,,2002,,,,,,,,,
2004-01-06,7,13,15,25,32,9,,2002,,,,,,,,,
2004-01-09,24,32,38,47,49,12,,2002,,,,,,,,,
2004-01-13,3,17,18,21,45,21,,2002,,,,,,,,,
2004-01-16,12,26,41,44,49,44,,2002,,,,,,,,,
2004-01-20,5,7,14,21,45,36,,2002,,,,,,,,,
2004-01-23,10,18,33,46,51,13,,2002,,,,,,,,,
2004-01-27,6,10,20,38,50,27,,2002,,,,,,,,,
2004-01-30,17,28,30,40,51,44,,2002,,,,,,,,,
2004-02-03,9,21,26,35,41,17,,2002,,,,,,,,,
2004-02-06,1,6,16,30,49,13,,2002,,,,,,,,,
2004-02-10,3,7,10,22,32,23,,2002,,,,,,,,,
2004-02-13,14,30,42,43,45,30,,2002,,,,,,,,,
2004-02-17,2,8,34,36,52,21,,2002,,,,,,,,,
2004-02-20,1,13,20,21,30,24,,2002,,,,,,,,,
2004-02-24,6,11,43,49,52,21,,2002,,,,,,,,,
2004-02-27,2,9,24,36,52,44,,2002,,,,,,,,,
2004-03-02,25,30,35,40,50,4,,2002,,,,,,,,,
2004-03-05,30,40,47,49,52,3,,2002,,,,,,,,,
2004-03-09,16,23,29,36,51,49,,2002,,,,,,,,,
2004-03-12,4,29,32,35,36,11,,2002,,,,,,,,,
2004-03-16,3,28,45,49,51,52,,2002,,,,,,,,,
2004-03-19,6,9,14,32,50,4,,2002,,,,,,,,,
2004-03-23,12,22,35,39,46,32,,2002,,,,,,,,,
2004-03-26,8,10,17,37,49,20,,2002,,,,,,,,,
2004-03-30,3,27,31,41,45,33,,2002,,,,,,,,,
2004-04-02,8,17,25,46,47,13,,2002,,,,,,,,,
2004-04-06,8,17,29,32,39,49,,2002,,,,,,,,,
2004-04-09,2,8,10,11,23,40,,2002,,,,,,,,,
2004-04-13,13,36,39,50,51,34,,2002,,,,,,,,,
2004-04-16,6,24,29,42,51,41,,2002,,,,,,,,,
2004-04-20,12,22,37,46,48,49,,2002,,,,,,,,,
2004-04-23,8,22,25,47,48,27,,2002,,,,,,,,,
2004-04-27,1,10,17,23,35,45,,2002,,,,,,,,,
2004-04-30,15,21,32,39,50,34,,2002,,,,,,,,,
2004-05-04,3,15,29,37,39,40,,2002,,,,,,,,,
2004-05-07,14,17,19,44,50,17,,2002,,,,,,,,,
2004-05-11,9,25,30,34,37,30,,2002,,,,,,,,,
2004-05-14,10,19,32,36,46,6,,2002,,,,,,,,,
2004-05-18,2,36,44,46,51,45,,2002,,,,,,,,,
2004-05-21,4,20,27,38,49,31,,2002,,,,,,,,,
2004-05-25,5,18,34,36,39,43,,2002,,,,,,,,,
2004-05-28,13,27,36,39,51,33,,2002,,,,,,,,,
2004-06-01,7,16,17,26,48,15,,2002,,,,,,,,,
2004-06-04,4,16,18,41,47,46,,2002,,,,,,,,,
2004-06-08,17,24,29,37,45,43,,2002,,,,,,,,,
2004-06-11,12,28,36,39,52,36,,2002,,,,,,,,,
2004-06-15,18,23,27,29,44,24,,2002,,,,,,,,,
2004-06-18,7,10,11,15,51,23,,2002,,,,,,,,,
2004-06-22,9,10,17,41,52,19,,2002,,,,,,,,,
2004-06-25,18,19,29,32,42,32,,2002,,,,,,,,,
2004-06-29,10,13,19,28,38,1,,2002,,,,,,,,,
2004-07-02,10,25,38,39,50,12,,2002,,,,,,,,,
2004-07-06,6,7,8,31,48,19,,2002,,,,,,,,,
2004-07-09,11,23,25,29,45,16,,2002,,,,,,,,,
2004-07-13,13,31,37,39,52,38,,2002,,,,,,,,,
2004-07-16,3,21,22,35,44,7,,2002,,,,,,,,,
2004-07-20,6,15,21,32,44,13,,2002,,,,,,,,,
2004-07-23,5,12,25,35,37,12,,2002,,,,,,,,,
2004-07-27,8,10,11,13,24,46,,2002,,,,,,,,,
2004-07-30,16,19,21,34,35,22,,2002,,,,,,,,,
2004-08-03,1,2,13,16,22,31,,2002,,,,,,,,,
2004-08-06,4,23,33,38,49,7,,2002,,,,,,,,,
2004-08-10,18,25,29,31,44,33,,2002,,,,,,,,,
2004-08-13,14,31,41,45,48,20,,2002,,,,,,,,,
2004-08-17,22,23,26,28,36,10,,2002,,,,,,,,,
2004-08-20,12,17,34,37,39,34,,2002,,,,,,,,,
2004-08-24,2,5,21,47,50,46,,2002,,,,,,,,,
2004-08-27,5,25,38,46,47,14,,2002,,,,,,,,,
2004-08-31,14,15,25,42,44,3,,2002,,,,,,,,,
2004-09-03,4,14,34,38,44,10,,2002,,,,,,,,,
2004-09-07,13,30,36,38,51,35,,2002,,,,,,,,,
2004-09-10,11,17,27,45,52,5,,2002,,,,,,,,,
2004-09-14,12,35,37,38,50,49,,2002,,,,,,,,,
2004-09-17,3,16,25,38,49,4,,2002,,,,,,,,,
2004-09-21,1,3,15,19,29,39,,2002,,,,,,,,,
2004-09-24,11,26,30,49,50,52,,2002,,,,,,,,,
2004-09-28,1,18,39,42,50,35,,2002,,,,,,,,,
2004-10-01,8,10,17,24,39,52,,2002,,,,,,,,,
2004-10-05,8,34,39,48,49,47,,2002,,,,,,,,,
2004-10-08,16,17,21,33,41,6,,2002,,,,,,,,,
2004-10-12,4,18,19,39,51,13,,2002,,,,,,,,,
2004-10-15,4,8,24,30,36,25,,2002,,,,,,,,,
2004-10-19,6,13,19,34,50,33,,2002,,,,,,,,,
2004-10-22,3,7,20,24,43,36,,2002,,,,,,,,,
2004-10-26,14,25,39,43,49,27,,2002,,,,,,,,,
2004-10-29,10,18,26,31,41,48,,2002,,,,,,,,,
2004-11-02,24,32,42,49,50,3,,2002,,,,,,,,,
2004-11-05,3,29,30,41,43,1,,2002,,,,,,,,,
2004-11-09,11,20,26,28,52,7,,2002,,,,,,,,,
2004-11-12,5,31,33,35,51,1,,2002,,,,,,,,,
2004-11-16,9,10,27,28,30,18,,2002,,,,,,,,,
2004-11-19,1,12,24,36,51,38,,2002,,,,,,,,,
2004-11-23,8,30,32,35,51,17,,2002,,,,,,,,,
2004-11-26,7,9,18,37,43,34,,2002,,,,,,,,,
2004-11-30,10,20,22,28,52,4,,2002,,,,,,,,,
2004-12-03,12,32,37,41,52,13,,2002,,,,,,,,,
2004-12-07,1,19,22,32,49,29,,2002,,,,,,,,,
2004-12-10,22,23,37,42,47,15,,2002,,,,,,,,,
2004-12-14,14,27,32,34,40,2,,2002,,,,,,,,,
2004-12-17,16,34,38,42,47,1,,2002,,,,,,,,,
2004-12-21,7,22,27,31,38,12,,2002,,,,,,,,,
2004-12-24,9,20,22,41,42,10,,2002,,,,,,,,,
2004-12-28,18,29,32,38,43,50,,2002,,,,,,,,,
2004-12-31,10,14,45,47,51,20,,2002,,,,,,,,,
2005-01-04,3,6,7,12,32,30,,2002,,,,,,,,,
2005-01-07,2,8,14,15,51,38,,2002,,,,,,,,,
2005-01-11,2,23,24,35,45,18,,2002,,,,,,,,,
2005-01-14,15,19,24,40,47,50,,2002,,,,,,,,,
2005-01-18,10,23,28,39,51,5,,2002,,,,,,,,,
2005-01-21,17,27,39,40,41,21,,2002,,,,,,,,,
2005-01-25,2,10,21,25,45,22,,2002,,,,,,,,,
2005-01-28,25,31,39,47,52,43,,2002,,,,,,,,,
2005-02-01,3,17,21,42,44,35,,2002,,,,,,,,,
2005-02-04,3,12,14,30,52,34,,2002,,,,,,,,,
2005-02-08,8,11,14,23,25,21,,2002,,,,,,,,,
2005-02-11,6,14,21,24,50,28,,2002,,,,,,,,,
2005-02-15,3,16,20,21,38,10,,2002,,,,,,,,,
2005-02-18,1,19,31,35,42,34,,2002,,,,,,,,,
2005-02-22,15,18,28,41,45,27,,2002,,,,,,,,,
2005-02-25,4,13,37,38,50,24,,2002,,,,,,,,,
2005-03-01,1,8,18,39,48,1,,2002,,,,,,,,,
2005-03-04,7,10,13,35,39,21,,2002,,,,,,,,,
2005-03-08,8,14,15,22,31,13,,2002,,,,,,,,,
2005-03-11,18,19,31,35,36,17,,2002,,,,,,,,,
2005-03-15,14,26,27,34,44,27,,2002,,,,,,,,,
2005-03-18,2,9,28,29,48,33,,2002,,,,,,,,,
2005-03-22,6,11,27,37,43,34,,2002,,,,,,,,,
2005-03-25,11,18,19,45,49,2,,2002,,,,,,,,,
2005-03-29,7,17,18,30,42,38,,2002,,,,,,,,,
2005-04-01,11,19,28,32,45,10,,2002,,,,,,,,,
2005-04-05,4,19,45,51,52,22,,2002,,,,,,,,,
2005-04-08,5,13,17,33,35,35,,2002,,,,,,,,,
2005-04-12,15,20,43,47,50,24,,2002,,,,,,,,,
2005-04-15,25,26,37,39,49,29,,2002,,,,,,,,,
2005-04-19,5,6,14,42,47,3,,2002,,,,,,,,,
2005-04-22,23,25,43,46,49,26,,2002,,,,,,,,,
2005-04-26,18,22,33,34,42,16,,2002,,,,,,,,,
2005-04-29,2,5,7,28,46,21,,2002,,,,,,,,,
2005-05-03,7,17,42,46,52,47,,2002,,,,,,,,,
2005-05-06,7,12,25,50,51,19,,2002,,,,,,,,,
2005-05-10,11,25,38,40,42,40,,2002,,,,,,,,,
2005-05-13,21,23,27,33,39,8,,2002,,,,,,,,,
2005-05-17,7,9,10,29,44,17,,2002,,,,,,,,,
2005-05-20,3,6,27,40,44,9,,2002,,,,,,,,,
2005-05-24,9,28,39,40,45,24,,2002,,,,,,,,,
2005-05-27,7,17,22,34,50,24,,2002,,,,,,,,,
2005-05-31,5,13,22,37,38,11,,2002,,,,,,,,,
2005-06-03,4,6,14,28,47,42,,2002,,,,,,,,,
2005-06-07,7,14,28,46,47,25,,2002,,,,,,,,,
2005-06-10,14,29,31,37,50,34,,2002,,,,,,,,,
2005-06-14,1,10,29,48,49,36,,2002,,,,,,,,,
2005-06-17,16,35,40,49,50,34,,2002,,,,,,,,,
2005-06-21,9,13,40,46,50,30,,2002,,,,,,,,,
2005-06-24,14,43,44,50,56,7,,2002,,,,,,,,,
2005-06-28,2,20,37,43,46,4,,2002,,,,,,,,,
2005-07-01,14,25,41,42,50,40,,2002,,,,,,,,,
2005-07-05,22,38,48,50,55,29,,2002,,,,,,,,,
2005-07-08,9,23,45,48,50,3,,2002,,,,,,,,,
2005-07-12,5,17,32,39,53,36,,2002,,,,,,,,,
2005-07-15,9,13,25,36,48,2,,2002,,,,,,,,,
2005-07-19,7,13,48,51,54,11,,2002,,,,,,,,,
2005-07-22,7,18,27,35,54,34,,2002,,,,,,,,,
2005-07-26,1,10,18,29,55,8,,2002,,,,,,,,,
2005-07-29,4,16,23,25,40,22,,2002,,,,,,,,,
2005-08-02,17,22,39,50,52,46,,2002,,,,,,,,,
2005-08-05,3,5,48,50,53,4,,2002,,,,,,,,,
2005-08-09,13,35,36,43,52,5,,2002,,,,,,,,,
2005-08-12,8,37,38,45,54,21,,2002,,,,,,,,,
2005-08-16,9,15,20,24,55,3,,2002,,,,,,,,,
2005-08-19,2,13,18,36,46,36,,2002,,,,,,,,,
2005-08-23,6,7,8,13,40,12,,2002,,,,,,,,,
2005-08-26,5,20,38,47,54,35,,2002,,,,,,,,,
2005-08-30,19,32,42,49,56,29,,2002,,,,,,,,,
2005-09-02,1,4,14,45,53,33,,2002,,,,,,,,,
2005-09-06,1,8,27,31,50,40,,2002,,,,,,,,,
2005-09-09,15,28,43,51,52,11,,2002,,,,,,,,,
2005-09-13,13,24,44,48,52,30,,2002,,,,,,,,,
2005-09-16,5,16,41,46,50,1,,2002,,,,,,,,,
2005-09-20,35,36,40,42,52,45,,2002,,,,,,,,,
2005-09-23,6,7,20,41,51,38,,2002,,,,,,,,,
2005-09-27,14,17,26,27,28,5,,2002,,,,,,,,,
2005-09-30,1,3,14,30,52,10,,2002,,,,,,,,,
2005-10-04,12,24,28,29,36,41,,2002,,,,,,,,,
2005-10-07,2,4,23,27,36,37,,2002,,,,,,,,,
2005-10-11,24,30,42,53,54,20,,2002,,,,,,,,,
2005-10-14,6,20,24,25,34,44,,2002,,,,,,,,,
2005-10-18,3,12,16,32,33,15,,2002,,,,,,,,,
2005-10-21,11,17,28,29,36,42,,2002,,,,,,,,,
2005-10-25,7,12,18,31,55,30,,2002,,,,,,,,,
2005-10-28,8,17,25,28,53,1,,2002,,,,,,,,,
2005-11-01,5,18,21,28,36,20,,2002,,,,,,,,,
2005-11-04,7,9,41,53,54,38,,2002,,,,,,,,,
2005-11-08,8,16,21,25,27,16,,2002,,,,,,,,,
2005-11-11,9,14,34,50,51,40,,2002,,,,,,,,,
2005-11-15,2,4,5,40,48,7,,2002,,,,,,,,,
2005-11-18,8,18,21,42,46,11,,2002,,,,,,,,,
2005-11-22,9,22,37,41,43,30,,2002,,,,,,,,,
2005-11-25,5,25,31,33,34,41,,2002,,,,,,,,,
2005-11-29,7,8,47,51,52,5,,2002,,,,,,,,,
2005-12-02,3,12,21,38,44,45,,2002,,,,,,,,,
2005-12-06,6,10,26,30,33,16,,2002,,,,,,,,,
2005-12-09,14,15,31,32,43,20,,2002,,,,,,,,,
2005-12-13,9,10,12,22,41,4,,2002,,,,,,,,,
2005-12-16,14,25,26,31,56,17,,2002,,,,,,,,,
2005-12-20,6,20,23,40,56,36,,2002,,,,,,,,,
2005-12-23,10,37,39,49,54,8,,2002,,,,,,,,,
2005-12-27,11,24,27,49,55,23,,2002,,,,,,,,,
2005-12-30,14,20,25,40,44,37,,2002,,,,,,,,,
2006-01-03,15,19,20,32,38,21,,2002,,,,,,,,,
2006-01-06,8,11,28,37,53,12,,2002,,,,,,,,,
2006-01-10,7,27,32,37,38,30,,2002,,,,,,,,,
2006-01-13,5,21,27,44,53,36,,2002,,,,,,,,,
2006-01-17,24,32,37,39,40,44,,2002,,,,,,,,,
2006-01-20,18,22,28,44,53,46,,2002,,,,,,,,,
2006-01-24,31,34,36,51,55,4,,2002,,,,,,,,,
2006-01-27,2,7,8,18,29,46,,2002,,,,,,,,,
2006-01-31,1,35,53,54,56,44,,2002,,,,,,,,,
2006-02-03,29,31,32,41,52,42,,2002,,,,,,,,,
2006-02-07,2,16,25,30,48,26,,2002,,,,,,,,,
2006-02-10,24,39,40,43,46,2,,2002,,,,,,,,,
2006-02-14,27,36,43,49,54,33,,2002,,,,,,,,,
2006-02-17,16,25,31,43,46,28,,2002,,,,,,,,,
2006-02-21,14,23,27,36,45,36,,2002,,,,,,,,,
2006-02-24,3,5,12,16,34,27,,2002,,,,,,,,,
2006-02-28,2,4,35,36,48,22,,2002,,,,,,,,,
2006-03-03,25,29,38,39,46,4,,2002,,,,,,,,,
2006-03-07,15,27,36,38,42,32,,2002,,,,,,,,,
2006-03-10,4,17,18,51,54,31,,2002,,,,,,,,,
2006-03-14,27,28,30,42,50,22,,2002,,,,,,,,,
2006-03-17,8,11,23,48,52,5,,2002,,,,,,,,,
2006-03-21,4,16,17,28,31,8,,2002,,,,,,,,,
2006-03-24,1,2,17,47,49,19,,2002,,,,,,,,,
2006-03-28,14,18,35,39,49,14,,2002,,,,,,,,,
2006-03-31,4,7,19,50,52,15,,2002,,,,,,,,,
2006-04-04,9,25,48,51,56,7,,2002,,,,,,,,,
2006-04-07,1,18,31,46,52,37,,2002,,,,,,,,,
2006-04-11,2,12,45,46,56,20,,2002,,,,,,,,,
2006-04-14,8,10,18,29,33,10,,2002,,,,,,,,,
2006-04-18,13,14,25,34,50,6,,2002,,,,,,,,,
2006-04-21,2,4,7,27,41,4,,2002,,,,,,,,,
2006-04-25,1,20,32,37,39,9,,2002,,,,,,,,,
2006-04-28,16,29,32,36,55,12,,2002,,,,,,,,,
2006-05-02,7,11,22,27,31,33,,2002,,,,,,,,,
2006-05-05,8,20,39,53,55,10,,2002,,,,,,,,,
2006-05-09,7,15,24,43,44,22,,2002,,,,,,,,,
2006-05-12,6,36,39,45,52,45,,2002,,,,,,,,,
2006-05-16,7,24,40,48,50,15,,2002,,,,,,,,,
2006-05-19,5,12,31,51,56,1,,2002,,,,,,,,,
2006-05-23,17,21,28,48,54,1,,2002,,,,,,,,,
2006-05-26,12,14,20,47,48,24,,2002,,,,,,,,,
2006-05-30,2,13,28,34,45,36,,2002,,,,,,,,,
2006-06-02,3,10,18,36,38,41,,2002,,,,,,,,,
2006-06-06,5,29,35,52,53,9,,2002,,,,,,,,,
2006-06-09,8,17,18,26,47,37,,2002,,,,,,,,,
2006-06-13,1,20,23,24,33,29,,2002,,,,,,,,,
2006-06-16,27,30,36,38,45,13,,2002,,,,,,,,,
2006-06-20,11,21,37,53,54,12,,2002,,,,,,,,,
2006-06-23,13,17,24,34,56,24,,2002,,,,,,,,,
2006-06-27,2,14,20,29,44,32,,2002,,,,,,,,,
2006-06-30,20,40,46,48,54,27,,2002,,,,,,,,,
2006-07-04,9,15,31,42,45,41,,2002,,,,,,,,,
2006-07-07,7,15,27,46,56,39,,2002,,,,,,,,,
2006-07-11,5,14,34,36,52,42,,2002,,,,,,,,,
2006-07-14,13,25,26,28,56,39,,2002,,,,,,,,,
2006-07-18,12,13,29,49,52,20,,2002,,,,,,,,,
2006-07-21,18,26,35,36,43,24,,2002,,,,,,,,,
2006-07-25,7,21,24,41,51,10,,2002,,,,,,,,,
2006-07-28,2,13,23,32,35,4,,2002,,,,,,,,,
2006-08-01,14,29,32,43,49,14,,2002,,,,,,,,,
2006-08-04,2,24,31,50,55,44,,2002,,,,,,,,,
2006-08-08,1,5,13,18,33,30,,2002,,,,,,,,,
2006-08-11,14,16,38,40,49,29,,2002,,,,,,,,,
2006-08-15,10,12,22,44,48,16,,2002,,,,,,,,,
2006-08-18,5,12,13,46,50,10,,2002,,,,,,,,,
2006-08-22,3,4,5,7,36,16,,2002,,,,,,,,,
2006-08-25,17,24,35,46,54,33,,2002,,,,,,,,,
2006-08-29,15,25,37,38,52,4,,2002,,,,,,,,,
2006-09-01,5,6,51,53,55,12,,2002,,,,,,,,,
2006-09-05,1,32,36,42,53,4,,2002,,,,,,,,,
2006-09-08,9,17,34,52,53,2,,2002,,,,,,,,,
2006-09-12,3,16,25,30,44,42,,2002,,,,,,,,,
2006-09-15,6,26,33,39,55,1,,2002,,,,,,,,,
2006-09-19,2,19,44,45,56,43,,2002,,,,,,,,,
2006-09-22,7,12,17,22,43,16,,2002,,,,,,,,,
2006-09-26,3,6,38,42,45,30,,2002,,,,,,,,,
2006-09-29,3,25,43,45,55,40,,2002,,,,,,,,,
2006-10-03,6,19,32,33,40,39,,2002,,,,,,,,,
2006-10-06,1,11,20,21,46,18,,2002,,,,,,,,,
2006-10-10,14,30,35,40,43,2,,2002,,,,,,,,,
2006-10-13,24,27,42,47,50,8,,2002,,,,,,,,,
2006-10-17,6,18,20,28,38,37,,2002,,,,,,,,,
2006-10-20,9,13,23,29,54,34,,2002,,,,,,,,,
2006-10-24,5,25,41,48,51,35,,2002,,,,,,,,,
2006-10-27,15,22,26,30,32,31,,2002,,,,,,,,,
2006-10-31,5,34,40,45,46,21,,2002,,,,,,,,,
2006-11-03,8,10,22,25,55,22,,2002,,,,,,,,,
2006-11-07,13,22,33,51,52,42,,2002,,,,,,,,,
2006-11-10,11,42,52,53,55,28,,2002,,,,,,,,,
2006-11-14,9,20,24,25,36,23,,2002,,,,,,,,,
2006-11-17,5,19,25,30,50,42,,2002,,,,,,,,,
2006-11-21,7,13,20,42,47,9,,2002,,,,,,,,,
2006-11-24,14,35,40,47,48,35,,2002,,,,,,,,,
2006-11-28,7,14,24,41,56,7,,2002,,,,,,,,,
2006-12-01,16,22,23,37,53,35,,2002,,,,,,,,,
2006-12-05,6,9,13,43,46,45,,2002,,,,,,,,,
2006-12-08,1,15,29,32,45,8,,2002,,,,,,,,,
2006-12-12,20,30,31,35,49,23,,2002,,,,,,,,,
2006-12-15,6,7,17,28,40,39,,2002,,,,,,,,,
2006-12-19,9,32,37,42,48,7,,2002,,,,,,,,,
2006-12-22,5,12,15,25,34,43,,2002,,,,,,,,,
2006-12-26,7,12,25,44,53,3,,2002,,,,,,,,,
2006-12-29,3,4,10,39,50,29,,2002,,,,,,,,,
2007-01-02,9,10,38,51,53,1,,2002,,,,,,,,,
2007-01-05,2,12,44,46,51,6,,2002,,,,,,,,,
2007-01-09,7,11,26,38,54,13,,2002,,,,,,,,,
2007-01-12,12,14,26,40,42,22,,2002,,,,,,,,,
2007-01-16,4,8,15,33,52,10,,2002,,,,,,,,,
2007-01-19,4,28,30,31,35,17,,2002,,,,,,,,,
2007-01-23,3,5,15,26,53,35,,2002,,,,,,,,,
2007-01-26,16,17,36,49,54,14,,2002,,,,,,,,,
2007-01-30,14,18,44,52,56,25,,2002,,,,,,,,,
2007-02-02,22,33,35,40,53,15,,2002,,,,,,,,,
2007-02-06,16,21,35,36,46,38,,2002,,,,,,,,,
2007-02-09,32,39,46,48,49,41,,2002,,,,,,,,,
2007-02-13,3,9,24,29,41,41,,2002,,,,,,,,,
2007-02-16,17,35,40,46,48,41,,2002,,,,,,,,,
2007-02-20,1,9,26,46,51,11,,2002,,,,,,,,,
2007-02-23,3,18,21,38,50,43,,2002,,,,,,,,,
2007-02-27,18,31,44,45,48,18,,2002,,,,,,,,,
2007-03-02,14,21,33,35,51,43,,2002,,,,,,,,,
2007-03-06,16,22,29,39,42,20,,2002,,,,,,,,,
2007-03-09,10,13,25,42,43,30,,2002,,,,,,,,,
2007-03-13,7,11,16,38,49,35,,2002,,,,,,,,,
2007-03-16,17,25,36,40,43,9,,2002,,,,,,,,,
2007-03-20,7,21,46,49,55,15,,2002,,,,,,,,,
2007-03-23,18,21,35,51,53,36,,2002,,,,,,,,,
2007-03-27,18,25,34,35,42,6,,2002,,,,,,,,,
2007-03-30,15,23,37,48,53,22,,2002,,,,,,,,,
2007-04-03,16,26,33,34,46,38,,2002,,,,,,,,,
2007-04-06,24,32,34,36,39,6,,2002,,,,,,,,,
2007-04-10,7,15,16,19,28,10,,2002,,,,,,,,,
2007-04-13,11,14,21,25,26,33,,2002,,,,,,,,,
2007-04-17,1,4,11,31,47,37,,2002,,,,,,,,,
2007-04-20,1,9,10,23,53,40,,2002,,,,,,,,,
2007-04-24,8,10,35,36,43,14,,2002,,,,,,,,,
2007-04-27,5,7,26,38,56,15,,2002,,,,,,,,,
2007-05-01,11,16,31,52,53,42,,2002,,,,,,,,,
2007-05-04,4,9,20,45,55,34,,2002,,,,,,,,,
2007-05-08,16,24,41,43,54,36,,2002,,,,,,,,,
2007-05-11,28,30,33,48,54,25,,2002,,,,,,,,,
2007-05-15,6,13,42,46,56,42,,2002,,,,,,,,,
2007-05-18,13,23,24,30,44,5,,2002,,,,,,,,,
2007-05-22,2,7,11,22,36,35,,2002,,,,,,,,,
2007-05-25,10,14,22,42,43,1,,2002,,,,,,,,,
2007-05-29,2,24,44,51,54,7,,2002,,,,,,,,,
2007-06-01,12,19,29,32,48,9,,2002,,,,,,,,,
2007-06-05,27,35,38,49,56,15,,2002,,,,,,,,,
2007-06-08,6,26,29,31,39,31,,2002,,,,,,,,,
2007-06-12,3,13,19,31,50,21,,2002,,,,,,,,,
2007-06-15,1,5,16,26,30,21,,2002,,,,,,,,,
2007-06-19,5,16,31,49,54,19,,2002,,,,,,,,,
2007-06-22,11,14,21,24,31,23,,2002,,,,,,,,,
2007-06-26,4,10,20,29,45,21,,2002,,,,,,,,,
2007-06-29,1,17,40,51,52,7,,2002,,,,,,,,,
2007-07-03,21,35,37,39,40,35,,2002,,,,,,,,,
2007-07-06,3,9,12,25,47,37,,2002,,,,,,,,,
2007-07-10,19,24,30,34,56,19,,2002,,,,,,,,,
2007-07-13,7,39,41,48,53,21,,2002,,,,,,,,,
2007-07-17,16,30,38,46,51,5,,2002,,,,,,,,,
2007-07-20,6,13,30,41,52,26,,2002,,,,,,,,,
2007-07-24,8,17,20,23,50,17,,2002,,,,,,,,,
2007-07-27,7,12,35,54,55,2,,2002,,,,,,,,,
2007-07-31,5,18,37,39,43,42,,2002,,,,,,,,,
2007-08-03,16,29,42,46,51,40,,2002,,,,,,,,,
2007-08-07,36,41,50,55,56,9,,2002,,,,,,,,,
2007-08-10,10,20,32,33,54,39,,2002,,,,,,,,,
2007-08-14,5,8,9,24,34,17,,2002,,,,,,,,,
2007-08-17,2,8,33,38,53,12,,2002,,,,,,,,,
2007-08-21,8,38,54,55,56,2,,2002,,,,,,,,,
2007-08-24,4,21,46,51,53,5,,2002,,,,,,,,,
2007-08-28,37,40,48,53,56,44,,2002,,,,,,,,,
2007-08-31,8,18,22,40,44,11,,2002,,,,,,,,,
2007-09-04,3,6,11,42,46,38,,2002,,,,,,,,,
2007-09-07,14,19,27,34,48,3,,2002,,,,,,,,,
2007-09-11,9,10,17,21,35,6,,2002,,,,,,,,,
2007-09-14,5,9,12,33,40,27,,2002,,,,,,,,,
2007-09-18,20,24,31,34,49,8,,2002,,,,,,,,,
2007-09-21,5,21,23,33,45,43,,2002,,,,,,,,,
2007-09-25,2,19,23,47,54,16,,2002,,,,,,,,,
2007-09-28,4,13,20,25,33,42,,2002,,,,,,,,,
2007-10-02,28,37,40,43,44,20,,2002,,,,,,,,,
2007-10-05,10,19,37,40,48,1,,2002,,,,,,,,,
2007-10-09,1,10,17,32,51,44,,2002,,,,,,,,,
2007-10-12,21,26,34,44,54,23,,2002,,,,,,,,,
2007-10-16,1,2,5,41,44,25,,2002,,,,,,,,,
2007-10-19,5,15,18,23,46,14,,2002,,,,,,,,,
2007-10-23,2,7,45,52,53,18,,2002,,,,,,,,,
2007-10-26,12,20,24,38,51,3,,2002,,,,,,,,,
2007-10-30,2,8,44,46,51,22,,2002,,,,,,,,,
2007-11-02,1,3,34,49,52,19,,2002,,,,,,,,,
2007-11-06,3,17,43,46,47,2,,2002,,,,,,,,,
2007-11-09,11,33,41,42,46,21,,2002,,,,,,,,,
2007-11-13,15,26,36,39,40,45,,2002,,,,,,,,,
2007-11-16,12,13,30,31,39,29,,2002,,,,,,,,,
2007-11-20,14,20,23,42,43,6,,2002,,,,,,,,,
2007-11-23,18,21,33,42,56,11,,2002,,,,,,,,,
2007-11-27,9,10,26,29,39,10,,2002,,,,,,,,,
2007-11-30,5,6,12,26,51,7,,2002,,,,,,,,,
2007-12-04,16,27,30,45,53,43,,2002,,,,,,,,,
2007-12-07,12,18,26,28,51,35,,2002,,,,,,,,,
2007-12-11,6,25,27,30,45,46,,2002,,,,,,,,,
2007-12-14,4,7,12,17,30,44,,2002,,,,,,,,,
2007-12-18,3,23,46,48,49,2,,2002,,,,,,,,,
2007-12-21,14,19,20,43,53,7,,2002,,,,,,,,,
2007-12-28,2,19,22,28,54,25,,2002,,,,,,,,,
2008-01-01,13,16,25,30,54,11,,2002,,,,,,,,,
2008-01-04,24,31,39,40,56,32,,2002,,,,,,,,,
2008-01-08,10,29,45,52,54,10,,2002,,,,,,,,,
2008-01-11,22,36,42,45,55,42,,2002,,,,,,,,,
2008-01-15,21,30,42,44,50,6,,2002,,,,,,,,,
2008-01-18,12,22,33,43,44,15,,2002,,,,,,,,,
2008-01-22,12,15,22,25,33,2,,2002,,,,,,,,,
2008-01-25,5,12,22,38,56,22,,2002,,,,,,,,,
2008-01-29,8,23,39,40,42,24,,2002,,,,,,,,,
2008-02-01,3,14,30,44,56,5,,2002,,,,,,,,,
2008-02-05,4,5,17,40,51,38,,2002,,,,,,,,,
2008-02-08,21,30,43,46,50,18,,2002,,,,,,,,,
2008-02-12,14,27,39,47,50,12,,2002,,,,,,,,,
2008-02-15,7,11,26,30,53,14,,2002,,,,,,,,,
2008-02-19,1,38,42,55,56,34,,2002,,,,,,,,,
2008-02-22,7,12,13,19,22,10,,2002,,,,,,,,,
2008-02-26,9,12,30,36,55,15,,2002,,,,,,,,,
2008-02-29,5,17,22,26,55,38,,2002,,,,,,,,,
2008-03-04,7,15,30,33,56,22,,2002,,,,,,,,,
2008-03-07,19,32,33,41,48,12,,2002,,,,,,,,,
2008-03-11,4,13,35,41,47,44,,2002,,,,,,,,,
2008-03-14,3,12,18,25,52,21,,2002,,,,,,,,,
2008-03-18,13,15,20,25,44,37,,2002,,,,,,,,,
2008-03-21,5,8,17,19,41,21,,2002,,,,,,,,,
2008-03-25,38,42,43,48,53,12,,2002,,,,,,,,,
2008-03-28,7,26,27,40,43,10,,2002,,,,,,,,,
2008-04-01,4,17,26,46,56,25,,2002,,,,,,,,,
2008-04-04,3,5,40,45,49,17,,2002,,,,,,,,,
2008-04-08,8,9,31,37,44,38,,2002,,,,,,,,,
2008-04-11,14,18,27,31,42,7,,2002,,,,,,,,,
2008-04-15,12,13,27,48,50,30,,2002,,,,,,,,,
2008-04-18,24,28,36,50,53,29,,2002,,,,,,,,,
2008-04-22,3,22,31,48,54,9,,2002,,,,,,,,,
2008-04-25,19,32,37,45,52,41,,2002,,,,,,,,,
2008-04-29,19,24,35,44,51,26,,2002,,,,,,,,,
2008-05-02,8,28,37,53,55,26,,2002,,,,,,,,,
2008-05-06,4,21,46,53,54,26,,2002,,,,,,,,,
2008-05-09,16,31,43,46,56,22,,2002,,,,,,,,,
2008-05-13,20,24,27,31,47,15,,2002,,,,,,,,,
2008-05-16,6,11,39,46,47,26,,2002,,,,,,,,,
2008-05-20,2,14,26,32,41,32,,2002,,,,,,,,,
2008-05-23,4,8,11,22,30,4,,2002,,,,,,,,,
2008-05-27,14,24,32,45,49,17,,2002,,,,,,,,,
2008-05-30,39,40,47,53,55,32,,2002,,,,,,,,,
2008-06-03,4,19,24,32,54,5,,2002,,,,,,,,,
2008-06-06,8,9,43,44,54,27,,2002,,,,,,,,,
2008-06-10,3,5,15,43,51,11,,2002,,,,,,,,,
2008-06-13,8,9,14,38,44,36,,2002,,,,,,,,,
2008-06-17,5,14,25,47,49,36,,2002,,,,,,,,,
2008-06-20,11,17,25,36,42,13,,2002,,,,,,,,,
2008-06-24,10,22,36,50,53,39,,2002,,,,,,,,,
2008-06-27,8,14,22,39,50,44,,2002,,,,,,,,,
2008-07-01,1,22,33,43,52,36,,2002,,,,,,,,,
2008-07-04,1,3,12,19,20,28,,2002,,,,,,,,,
2008-07-08,1,20,22,29,41,35,,2002,,,,,,,,,
2008-07-11,5,14,16,39,51,34,,2002,,,,,,,,,
2008-07-15,19,24,34,45,51,40,,2002,,,,,,,,,
2008-07-18,17,29,36,53,55,26,,2002,,,,,,,,,
2008-07-22,2,16,23,29,32,46,,2002,,,,,,,,,
2008-07-25,2,16,19,35,52,17,,2002,,,,,,,,,
2008-07-29,11,13,20,30,42,3,,2002,,,,,,,,,
2008-08-01,9,13,17,18,56,2,,2002,,,,,,,,,
2008-08-05,9,21,36,38,55,13,,2002,,,,,,,,,
2008-08-08,11,17,28,32,50,33,,2002,,,,,,,,,
2008-08-12,2,7,23,38,40,40,,2002,,,,,,,,,
2008-08-15,8,23,29,30,53,7,,2002,,,,,,,,,
2008-08-19,9,18,19,26,40,38,,2002,,,,,,,,,
2008-08-22,12,13,15,41,42,37,,2002,,,,,,,,,
2008-08-26,6,16,24,34,36,30,,2002,,,,,,,,,
2008-08-29,21,25,26,50,51,22,,2002,,,,,,,,,
2008-09-02,14,23,43,44,54,39,,2002,,,,,,,,,
2008-09-05,1,6,15,27,46,39,,2002,,,,,,,,,
2008-09-09,22,23,28,49,52,2,,2002,,,,,,,,,
2008-09-12,1,12,14,25,35,38,,2002,,,,,,,,,
2008-09-16,13,24,39,51,52,44,,2002,,,,,,,,,
2008-09-19,2,9,41,48,51,37,,2002,,,,,,,,,
2008-09-23,9,32,34,43,52,4,,2002,,,,,,,,,
2008-09-26,6,13,14,31,36,36,,2002,,,,,,,,,
2008-09-30,9,30,35,39,49,36,,2002,,,,,,,,,
2008-10-03,13,28,32,41,52,16,,2002,,,,,,,,,
2008-10-07,2,25,35,38,42,34,,2002,,,,,,,,,
2008-10-10,14,15,43,46,48,21,,2002,,,,,,,,,
2008-10-14,14,35,41,42,51,23,,2002,,,,,,,,,
2008-10-17,7,15,27,28,31,35,,2002,,,,,,,,,
2008-10-21,16,19,39,42,44,38,,2002,,,,,,,,,
2008-10-24,5,33,34,47,52,18,,2002,,,,,,,,,
2008-10-28,6,39,45,46,48,36,,2002,,,,,,,,,
2008-10-31,2,7,17,29,47,40,,2002,,,,,,,,,
2008-11-04,10,21,23,41,55,9,,2002,,,,,,,,,
2008-11-07,14,24,32,43,44,21,,2002,,,,,,,,,
2008-11-11,5,27,38,42,55,41,,2002,,,,,,,,,
2008-11-14,3,18,19,30,34,3,,2002,,,,,,,,,
2008-11-18,10,15,22,52,53,12,,2002,,,,,,,,,
2008-11-21,1,22,52,53,56,45,,2002,,,,,,,,,
2008-11-25,2,11,22,51,52,46,,2002,,,,,,,,,
2008-11-28,10,30,44,46,48,44,,2002,,,,,,,,,
2008-12-02,2,17,22,32,51,35,,2002,,,,,,,,,
2008-12-05,21,27,46,52,55,14,,2002,,,,,,,,,
2008-12-09,11,12,26,31,33,27,,2002,,,,,,,,,
2008-12-12,10,16,19,27,48,25,,2002,,,,,,,,,
2008-12-16,10,14,16,29,40,6,,2002,,,,,,,,,
2008-12-19,3,13,16,39,54,32,,2002,,,,,,,,,
2008-12-23,1,8,13,27,41,45,,2002,,,,,,,,,
2008-12-26,6,19,29,33,37,31,,2002,,,,,,,,,
2008-12-30,1,22,29,44,52,39,,2002,,,,,,,,,
2009-01-02,2,11,19,21,34,38,,2002,,,,,,,,,
2009-01-06,3,11,12,19,33,30,,2002,,,,,,,,,
2009-01-09,23,25,30,45,50,8,,2002,,,,,,,,,
2009-01-13,22,25,33,36,48,40,,2002,,,,,,,,,
2009-01-16,2,4,21,39,51,29,,2002,,,,,,,,,
2009-01-20,1,9,10,35,46,9,,2002,,,,,,,,,
2009-01-23,2,17,20,27,28,7,,2002,,,,,,,,,
2009-01-27,3,11,12,14,21,25,,2002,,,,,,,,,
2009-01-30,13,16,19,53,55,2,,2002,,,,,,,,,
2009-02-03,4,15,29,43,56,29,,2002,,,,,,,,,
2009-02-06,2,12,18,28,31,3,,2002,,,,,,,,,
2009-02-10,18,29,38,43,47,7,,2002,,,,,,,,,
2009-02-13,25,36,37,40,51,20,,2002,,,,,,,,,
2009-02-17,1,9,23,27,33,24,,2002,,,,,,,,,
2009-02-20,21,28,41,45,55,24,,2002,,,,,,,,,
2009-02-24,1,27,28,35,40,6,,2002,,,,,,,,,
2009-02-27,24,37,44,50,56,35,,2002,,,,,,,,,
2009-03-03,26,32,35,43,52,10,,2002,,,,,,,,,
2009-03-06,11,18,37,46,55,45,,2002,,,,,,,,,
2009-03-10,2,27,31,39,40,23,,2002,,,,,,,,,
2009-03-13,10,12,26,46,50,23,,2002,,,,,,,,,
2009-03-17,9,15,24,28,31,17,,2002,,,,,,,,,
2009-03-20,15,16,20,39,40,26,,2002,,,,,,,,,
2009-03-24,4,25,34,43,44,45,,2002,,,,,,,,,
2009-03-27,10,15,24,38,50,19,,2002,,,,,,,,,
2009-03-31,14,39,47,48,53,29,,2002,,,,,,,,,
2009-04-03,16,22,38,39,48,42,,2002,,,,,,,,,
2009-04-07,2,4,13,17,36,15,,2002,,,,,,,,,
2009-04-10,18,25,36,42,51,22,,2002,,,,,,,,,
2009-04-14,4,11,22,48,50,42,,2002,,,,,,,,,
2009-04-17,5,13,26,35,45,32,,2002,,,,,,,,,
2009-04-21,5,24,37,47,52,6,,2002,,,,,,,,,
2009-04-24,9,20,21,48,49,7,,2002,,,,,,,,,
2009-04-28,15,20,24,36,44,6,,2002,,,,,,,,,
2009-05-01,9,16,24,40,43,35,,2002,,,,,,,,,
2009-05-05,5,23,38,39,54,3,,2002,,,,,,,,,
2009-05-08,12,27,29,32,34,34,,2002,,,,,,,,,
2009-05-12,4,8,10,14,51,31,,2002,,,,,,,,,
2009-05-15,7,12,24,36,48,27,,2002,,,,,,,,,
2009-05-19,2,4,9,15,42,13,,2002,,,,,,,,,
2009-05-22,3,29,34,42,49,29,,2002,,,,,,,,,
2009-05-26,9,18,21,37,55,33,,2002,,,,,,,,,
2009-05-29,23,30,36,39,48,34,,2002,,,,,,,,,
2009-06-02,9,13,26,30,35,33,,2002,,,,,,,,,
2009-06-05,5,20,38,41,52,20,,2002,,,,,,,,,
2009-06-09,5,17,31,36,56,46,,2002,,,,,,,,,
2009-06-12,6,11,20,32,44,38,,2002,,,,,,,,,
2009-06-16,9,15,21,26,45,25,,2002,,,,,,,,,
2009-06-19,4,9,12,16,46,44,,2002,,,,,,,,,
2009-06-23,12,14,16,31,50,9,,2002,,,,,,,,,
2009-06-26,11,15,17,29,46,16,,2002,,,,,,,,,
2009-06-30,7,34,49,54,55,34,,2002,,,,,,,,,
2009-07-03,5,6,7,11,25,31,,2002,,,,,,,,,
2009-07-07,25,27,35,38,39,28,,2002,,,,,,,,,
2009-07-10,5,10,26,27,28,4,,2002,,,,,,,,,
2009-07-14,20,29,35,45,53,41,,2002,,,,,,,,,
2009-07-17,8,17,40,47,50,13,,2002,,,,,,,,,
2009-07-21,3,8,21,50,52,2,,2002,,,,,,,,,
2009-07-24,3,6,43,51,52,36,,2002,,,,,,,,,
2009-07-28,4,17,24,25,48,34,,2002,,,,,,,,,
2009-07-31,17,35,44,52,56,22,,2002,,,,,,,,,
2009-08-04,1,28,34,42,50,27,,2002,,,,,,,,,
2009-08-07,7,18,35,45,56,3,,2002,,,,,,,,,
2009-08-11,6,12,15,32,42,40,,2002,,,,,,,,,
2009-08-14,8,22,25,33,35,46,,2002,,,,,,,,,
2009-08-18,4,5,26,37,56,25,,2002,,,,,,,,,
2009-08-21,9,38,44,48,49,13,,2002,,,,,,,,,
2009-08-25,3,12,19,22,40,2,,2002,,,,,,,,,
2009-08-28,1,17,31,37,54,31,,2002,,,,,,,,,
2009-09-01,2,9,28,51,53,19,,2002,,,,,,,,,
2009-09-04,2,4,6,21,44,37,,2002,,,,,,,,,
2009-09-08,4,10,18,28,50,35,,2002,,,,,,,,,
2009-09-11,16,27,48,49,54,2,,2002,,,,,,,,,
2009-09-15,29,30,32,35,41,39,,2002,,,,,,,,,
2009-09-18,18,27,31,36,52,33,,2002,,,,,,,,,
2009-09-22,26,29,33,39,46,24,,2002,,,,,,,,,
2009-09-25,7,27,42,49,52,19,,2002,,,,,,,,,
2009-09-29,2,21,25,45,50,21,,2002,,,,,,,,,
2009-10-02,15,24,51,53,55,11,,2002,,,,,,,,,
2009-10-06,9,33,51,53,56,39,,2002,,,,,,,,,
2009-10-09,3,14,21,24,51,14,,2002,,,,,,,,,
2009-10-13,17,31,34,45,51,24,,2002,,,,,,,,,
2009-10-16,10,13,18,33,51,43,,2002,,,,,,,,,
2009-10-20,13,17,25,45,55,8,,2002,,,,,,,,,
2009-10-23,27,45,48,54,56,2,,2002,,,,,,,,,
2009-10-27,7,13,37,46,51,2,,2002,,,,,,,,,
2009-10-30,4,15,17,29,38,20,,2002,,,,,,,,,
2009-11-03,5,18,23,31,38,20,,2002,,,,,,,,,
2009-11-06,7,11,27,40,46,8,,2002,,,,,,,,,
2009-11-10,8,21,29,34,37,15,,2002,,,,,,,,,
2009-11-13,27,43,45,49,54,44,,2002,,,,,,,,,
2009-11-17,8,22,27,49,50,28,,2002,,,,,,,,,
2009-11-20,3,4,7,16,56,39,,2002,,,,,,,,,
2009-11-24,10,11,35,37,50,12,,2002,,,,,,,,,
2009-11-27,12,25,37,39,45,11,,2002,,,,,,,,,
2009-12-01,17,30,39,52,53,21,,2002,,,,,,,,,
2009-12-04,4,33,41,51,56,38,,2002,,,,,,,,,
2009-12-08,20,23,28,30,46,29,,2002,,,,,,,,,
2009-12-11,2,21,27,34,44,45,,2002,,,,,,,,,
2009-12-15,27,31,32,36,47,35,,2002,,,,,,,,,
2009-12-18,10,20,30,44,49,24,,2002,,,,,,,,,
2009-12-22,3,33,35,39,45,13,,2002,,,,,,,,,
2009-12-29,2,5,29,35,51,3,,2002,,,,,,,,,
2010-01-01,6,8,27,40,41,21,,2002,,,,,,,,,
2010-01-05,13,28,39,50,55,10,,2002,,,,,,,,,
2010-01-08,18,20,31,36,43,33,,2002,,,,,,,,,
2010-01-12,5,9,31,37,56,16,,2002,,,,,,,,,
2010-01-15,4,7,19,21,38,29,,2002,,,,,,,,,
2010-01-19,4,5,34,38,41,18,,2002,,,,,,,,,
2010-01-22,8,13,27,28,52,9,,2002,,,,,,,,,
2010-01-26,7,8,38,39,48,22,,2002,,,,,,,,,
2010-01-29,1,10,22,23,38,19,,2002,,,,,,,,,
2010-02-02,6,7,26,27,49,9,,2002,,,,,,,,,
2010-02-05,10,20,45,51,53,41,,2002,,,,,,,,,
2010-02-09,2,17,20,26,48,12,,2002,,,,,,,,,
2010-02-12,14,16,17,33,47,23,,2002,,,,,,,,,
2010-02-16,11,12,21,29,45,5,,2002,,,,,,,,,
2010-02-19,1,22,39,42,46,36,,2002,,,,,,,,,
2010-02-23,4,16,36,40,53,18,,2002,,,,,,,,,
2010-02-26,4,14,29,54,56,40,,2002,,,,,,,,,
2010-03-02,9,12,47,48,56,25,,2002,,,,,,,,,
2010-03-05,11,31,34,44,52,32,,2002,,,,,,,,,
2010-03-09,14,16,18,19,29,16,,2002,,,,,,,,,
2010-03-12,2,15,25,48,53,41,,2002,,,,,,,,,
2010-03-16,3,22,48,52,56,13,,2002,,,,,,,,,
2010-03-19,10,31,45,50,54,25,,2002,,,,,,,,,
2010-03-23,3,25,28,29,40,13,,2002,,,,,,,,,
2010-03-26,23,41,46,47,52,22,,2002,,,,,,,,,
2010-03-30,1,11,24,38,44,41,,2002,,,,,,,,,
2010-04-02,2,17,22,30,31,19,,2002,,,,,,,,,
2010-04-06,16,43,44,52,56,26,,2002,,,,,,,,,
2010-04-09,15,18,39,48,53,3,,2002,,,,,,,,,
2010-04-13,3,12,27,39,47,32,,2002,,,,,,,,,
2010-04-16,10,16,31,48,50,44,,2002,,,,,,,,,
2010-04-20,5,8,10,34,42,25,,2002,,,,,,,,,
2010-04-23,19,26,28,37,52,18,,2002,,,,,,,,,
2010-04-27,23,37,41,50,55,6,,2002,,,,,,,,,
2010-04-30,14,20,41,47,53,40,,2002,,,,,,,,,
2010-05-04,9,21,31,36,43,8,,2002,,,,,,,,,
2010-05-07,2,7,20,34,50,40,,2002,,,,,,,,,
2010-05-11,26,33,43,46,54,9,,2002,,,,,,,,,
2010-05-14,20,21,40,47,56,12,,2002,,,,,,,,,
2010-05-18,11,13,19,37,40,26,,2002,,,,,,,,,
2010-05-21,15,20,23,26,30,17,,2002,,,,,,,,,
2010-05-25,5,14,17,19,24,25,,2002,,,,,,,,,
2010-05-28,3,11,20,29,39,26,,2002,,,,,,,,,
2010-06-01,12,27,44,45,51,30,,2002,,,,,,,,,
2010-06-04,12,13,15,17,50,23,,2002,,,,,,,,,
2010-06-08,12,18,28,48,54,6,,2002,,,,,,,,,
2010-06-11,6,13,33,34,42,25,,2002,,,,,,,,,
2010-06-15,4,12,13,21,27,46,,2002,,,,,,,,,
2010-06-18,11,36,37,41,55,7,,2002,,,,,,,,,
2010-06-22,12,17,21,23,30,24,,2002,,,,,,,,,
2010-06-25,1,2,13,19,27,21,,2002,,,,,,,,,
2010-06-29,3,4,15,27,37,35,,2002,,,,,,,,,
2010-07-02,1,10,12,32,36,25,,2002,,,,,,,,,
2010-07-06,8,18,45,47,50,36,,2002,,,,,,,,,
2010-07-09,1,31,33,34,50,41,,2002,,,,,,,,,
2010-07-13,7,11,14,15,34,14,,2002,,,,,,,,,
2010-07-16,2,15,18,20,39,34,,2002,,,,,,,,,
2010-07-20,12,18,28,36,43,19,,2002,,,,,,,,,
2010-07-23,16,19,39,44,49,26,,2002,,,,,,,,,
2010-07-27,2,7,10,16,29,8,,2002,,,,,,,,,
2010-07-30,11,30,40,48,52,42,,2002,,,,,,,,,
2010-08-03,4,13,20,22,56,32,,2002,,,,,,,,,
2010-08-06,7,13,30,33,54,30,,2002,,,,,,,,,
2010-08-10,2,14,26,50,56,12,,2002,,,,,,,,,
2010-08-13,6,17,24,43,55,36,,2002,,,,,,,,,
2010-08-17,11,19,40,43,44,33,,2002,,,,,,,,,
2010-08-20,4,13,20,29,48,36,,2002,,,,,,,,,
2010-08-24,4,23,24,28,32,31,,2002,,,,,,,,,
2010-08-27,4,10,26,32,41,31,,2002,,,,,,,,,
2010-08-31,10,20,29,47,48,38,,2002,,,,,,,,,
2010-09-03,10,13,20,28,36,9,,2002,,,,,,,,,
2010-09-07,8,18,22,24,38,23,,2002,,,,,,,,,
2010-09-10,11,12,17,21,23,20,,2002,,,,,,,,,
2010-09-14,6,14,50,55,56,1,,2002,,,,,,,,,
2010-09-17,3,4,14,18,27,13,,2002,,,,,,,,,
2010-09-21,3,20,43,47,52,26,,2002,,,,,,,,,
2010-09-24,2,28,38,42,55,25,,2002,,,,,,,,,
2010-09-28,2,10,13,36,38,18,,2002,,,,,,,,,
2010-10-01,3,8,21,28,52,43,,2002,,,,,,,,,
2010-10-05,10,19,24,37,44,27,,2002,,,,,,,,,
2010-10-08,24,29,37,48,50,19,,2002,,,,,,,,,
2010-10-12,10,31,36,37,43,15,,2002,,,,,,,,,
2010-10-15,9,10,13,31,50,10,,2002,,,,,,,,,
2010-10-19,2,9,14,37,42,41,,2002,,,,,,,,,
2010-10-22,2,7,18,32,53,18,,2002,,,,,,,,,
2010-10-26,15,21,30,31,32,26,,2002,,,,,,,,,
2010-10-29,4,19,26,28,39,14,,2002,,,,,,,,,
2010-11-02,1,3,12,16,54,46,,2002,,,,,,,,,
2010-11-05,19,25,34,46,53,15,,2002,,,,,,,,,
2010-11-09,8,26,28,33,53,11,,2002,,,,,,,,,
2010-11-12,9,26,28,35,38,10,,2002,,,,,,,,,
2010-11-16,1,26,27,39,46,21,,2002,,,,,,,,,
2010-11-19,7,14,31,51,54,35,,2002,,,,,,,,,
2010-11-23,2,6,12,34,35,33,,2002,,,,,,,,,
2010-11-26,5,9,34,43,47,8,,2002,,,,,,,,,
2010-11-30,11,16,19,47,53,2,,2002,,,,,,,,,
2010-12-03,6,11,12,18,56,12,,2002,,,,,,,,,
2010-12-07,4,38,45,53,54,9,,2002,,,,,,,,,
2010-12-10,23,27,33,44,46,36,,2002,,,,,,,,,
2010-12-14,18,22,25,31,38,29,,2002,,,,,,,,,
2010-12-17,11,20,26,46,53,12,,2002,,,,,,,,,
2010-12-21,8,11,12,31,32,29,,2002,,,,,,,,,
2010-12-24,15,16,27,40,52,16,,2002,,,,,,,,,
2010-12-28,6,18,36,40,49,7,,2002,,,,,,,,,
2010-12-31,10,12,13,35,56,9,,2002,,,,,,,,,
2011-01-04,4,8,15,25,47,42,,2002,,,,,,,,,
2011-01-07,4,22,42,46,53,20,,2002,,,,,,,,,
2011-01-11,1,4,11,16,45,37,,2002,,,,,,,,,
2011-01-14,2,15,17,33,35,8,,2002,,,,,,,,,
2011-01-18,4,27,29,38,45,5,4,2002,,,,,,,,,
2011-01-21,5,9,21,35,38,20,4,2002,,,,,,,,,
2011-01-25,5,8,31,46,50,4,4,2002,,,,,,,,,
2011-01-28,14,33,48,49,50,18,4,2002,,,,,,,,,
2011-02-01,16,22,23,26,35,31,4,2002,,,,,,,,,
2011-02-04,6,20,29,48,55,6,4,2002,,,,,,,,,
2011-02-08,25,35,36,47,48,18,2,2002,,,,,,,,,
2011-02-11,8,9,17,32,34,13,2,2002,,,,,,,,,
2011-02-15,17,18,24,35,39,18,4,2002,,,,,,,,,
2011-02-18,5,6,7,30,45,42,3,2002,,,,,,,,,
2011-02-22,15,22,23,48,55,31,4,2002,,,,,,,,,
2011-02-25,4,5,17,19,50,7,4,2002,,,,,,,,,
2011-03-01,1,12,19,20,47,25,3,2002,,,,,,,,,
2011-03-04,8,10,15,23,41,7,4,2002,,,,,,,,,
2011-03-08,3,17,19,41,55,24,4,2002,,,,,,,,,
2011-03-11,14,19,21,42,45,6,2,2002,,,,,,,,,
2011-03-15,10,11,12,28,43,45,4,2002,,,,,,,,,
2011-03-18,14,33,34,54,56,37,4,2002,,,,,,,,,
2011-03-22,1,14,35,50,53,43,4,2002,,,,,,,,,
2011-03-25,22,24,31,52,54,4,4,2002,,,,,,,,,
2011-03-29,6,15,23,34,38,43,4,2002,,,,,,,,,
2011-04-01,13,14,35,36,53,19,3,2002,,,,,,,,,
2011-04-05,1,19,20,31,36,9,2,2002,,,,,,,,,
2011-04-08,6,40,45,50,56,11,3,2002,,,,,,,,,
2011-04-12,10,23,39,41,45,15,2,2002,,,,,,,,,
2011-04-15,22,23,33,39,48,29,3,2002,,,,,,,,,
2011-04-19,20,24,32,45,51,43,4,2002,,,,,,,,,
2011-04-22,3,18,46,51,53,17,3,2002,,,,,,,,,
2011-04-26,19,29,32,38,55,15,3,2002,,,,,,,,,
2011-04-29,9,10,11,33,51,29,4,2002,,,,,,,,,
2011-05-03,1,16,29,36,50,16,2,2002,,,,,,,,,
2011-05-06,6,18,26,37,41,9,3,2002,,,,,,,,,
2011-05-10,11,16,34,40,51,34,4,2002,,,,,,,,,
2011-05-13,3,33,39,47,53,9,4,2002,,,,,,,,,
2011-05-17,1,2,17,25,48,45,4,2002,,,,,,,,,
2011-05-20,10,17,19,45,48,30,4,2002,,,,,,,,,
2011-05-24,9,12,21,42,43,42,3,2002,,,,,,,,,
2011-05-27,5,7,14,28,56,10,4,2002,,,,,,,,,
2011-05-31,28,30,31,37,55,13,3,2002,,,,,,,,,
2011-06-03,20,23,41,49,53,31,3,2002,,,,,,,,,
2011-06-07,29,32,35,47,52,13,4,2002,,,,,,,,,
2011-06-10,18,21,27,37,38,7,3,2002,,,,,,,,,
2011-06-14,9,10,20,51,53,24,4,2002,,,,,,,,,
2011-06-17,12,29,46,47,51,24,4,2002,,,,,,,,,
2011-06-21,11,24,25,31,46,17,3,2002,,,,,,,,,
2011-06-24,10,14,40,49,51,4,3,2002,,,,,,,,,
2011-06-28,12,17,27,47,48,33,4,2002,,,,,,,,,
2011-07-01,12,17,30,35,47,26,4,2002,,,,,,,,,
2011-07-05,1,10,13,18,46,19,2,2002,,,,,,,,,
2011-07-08,1,2,22,37,50,45,3,2002,,,,,,,,,
2011-07-12,3,9,11,44,49,9,4,2002,,,,,,,,,
2011-07-15,16,29,30,46,56,6,3,2002,,,,,,,,,
2011-07-19,2,9,10,16,35,40,4,2002,,,,,,,,,
2011-07-22,23,31,32,39,56,38,4,2002,,,,,,,,,
2011-07-26,20,25,35,52,55,10,3,2002,,,,,,,,,
2011-07-29,8,10,22,47,48,35,4,2002,,,,,,,,,
2011-08-02,14,17,19,20,32,28,4,2002,,,,,,,,,
2011-08-05,6,24,28,33,42,19,3,2002,,,,,,,,,
2011-08-09,11,19,39,45,54,15,4,2002,,,,,,,,,
2011-08-12,9,43,51,54,55,13,4,2002,,,,,,,,,
2011-08-16,4,38,41,42,43,44,4,2002,,,,,,,,,
2011-08-19,5,15,53,54,56,22,2,2002,,,,,,,,,
2011-08-23,11,21,44,48,49,23,3,2002,,,,,,,,,
2011-08-26,2,3,27,30,47,36,3,2002,,,,,,,,,
2011-08-30,2,22,25,28,50,18,4,2002,,,,,,,,,
2011-09-02,25,44,48,49,55,20,3,2002,,,,,,,,,
2011-09-06,1,36,38,42,49,19,4,2002,,,,,,,,,
2011-09-09,7,12,19,23,31,45,4,2002,,,,,,,,,
2011-09-13,22,31,43,48,56,45,4,2002,,,,,,,,,
2011-09-16,6,23,41,45,56,24,4,2002,,,,,,,,,
2011-09-20,6,29,38,50,51,39,4,2002,,,,,,,,,
2011-09-23,27,31,32,40,52,36,4,2002,,,,,,,,,
2011-09-27,2,20,28,36,45,37,4,2002,,,,,,,,,
2011-09-30,3,19,21,44,45,29,4,2002,,,,,,,,,
2011-10-04,3,26,40,45,52,11,3,2002,,,,,,,,,
2011-10-07,5,15,19,23,38,19,4,2002,,,,,,,,,
2011-10-11,25,34,38,44,56,27,4,2002,,,,,,,,,
2011-10-14,13,35,42,45,54,26,4,2002,,,,,,,,,
2011-10-18,24,25,45,47,53,42,2,2002,,,,,,,,,
2011-10-21,6,21,35,37,38,17,3,2002,,,,,,,,,
2011-10-25,13,33,40,44,46,8,4,2002,,,,,,,,,
2011-10-28,13,31,49,52,56,41,4,2002,,,,,,,,,
2011-11-01,27,31,39,40,46,36,3,2002,,,,,,,,,
2011-11-04,26,30,32,33,44,1,4,2002,,,,,,,,,
2011-11-08,5,31,45,47,54,4,4,2002,,,,,,,,,
2011-11-11,2,16,22,29,50,27,4,2002,,,,,,,,,
2011-11-15,3,6,24,30,33,21,4,2002,,,,,,,,,
2011-11-18,4,13,33,39,55,3,4,2002,,,,,,,,,
2011-11-22,4,16,23,33,48,38,2,2002,,,,,,,,,
2011-11-25,22,28,42,49,54,43,3,2002,,,,,,,,,
2011-11-29,17,29,43,48,52,36,4,2002,,,,,,,,,
2011-12-02,24,30,48,51,56,45,4,2002,,,,,,,,,
2011-12-06,7,21,29,35,49,39,4,2002,,,,,,,,,
2011-12-09,4,12,29,49,51,44,4,2002,,,,,,,,,
2011-12-13,5,6,22,26,41,6,4,2002,,,,,,,,,
2011-12-16,2,4,26,36,39,27,3,2002,,,,,,,,,
2011-12-20,20,24,27,45,51,31,4,2002,,,,,,,,,
2011-12-23,3,5,8,18,29,14,4,2002,,,,,,,,,
2011-12-27,23,32,33,39,43,8,3,2002,,,,,,,,,
2011-12-30,4,24,45,46,52,1,4,2002,,,,,,,,,
2012-01-03,2,3,15,22,36,23,2,2002,,,,,,,,,
2012-01-06,9,17,28,34,48,46,2,2002,,,,,,,,,
2012-01-10,4,10,16,38,48,34,3,2002,,,,,,,,,
2012-01-13,10,27,28,37,51,19,3,2002,,,,,,,,,
2012-01-17,3,15,31,36,53,27,2,2002,,,,,,,,,
2012-01-20,1,9,28,38,47,8,2,2002,,,,,,,,,
2012-01-24,10,22,24,36,49,33,4,2002,,,,,,,,,
2012-01-27,3,5,30,36,48,23,4,2002,,,,,,,,,
2012-01-31,9,17,18,28,43,9,3,2002,,,,,,,,,
2012-02-03,7,19,21,49,53,35,4,2002,,,,,,,,,
2012-02-07,17,23,30,37,45,4,4,2002,,,,,,,,,
2012-02-10,3,4,18,29,50,20,4,2002,,,,,,,,,
2012-02-14,3,5,10,26,27,27,2,2002,,,,,,,,,
2012-02-17,16,25,28,32,40,3,3,2002,,,,,,,,,
2012-02-21,9,30,39,42,47,37,3,2002,,,,,,,,,
2012-02-24,1,16,18,25,27,3,4,2002,,,,,,,,,
2012-02-28,6,15,29,39,51,36,3,2002,,,,,,,,,
2012-03-02,16,29,48,52,54,5,2,2002,,,,,,,,,
2012-03-06,20,24,31,33,36,44,4,2002,,,,,,,,,
2012-03-09,9,10,27,36,42,11,4,2002,,,,,,,,,
2012-03-13,2,8,30,36,48,31,3,2002,,,,,,,,,
2012-03-16,28,29,43,51,53,7,3,2002,,,,,,,,,
2012-03-20,1,4,6,11,14,30,4,2002,,,,,,,,,
2012-03-23,6,17,19,20,21,20,4,2002,,,,,,,,,
2012-03-27,9,19,34,44,51,24,3,2002,,,,,,,,,
2012-03-30,2,4,23,38,46,23,3,2002,,,,,,,,,
2012-04-03,11,35,38,41,52,40,4,2002,,,,,,,,,
2012-04-06,2,19,20,24,33,39,4,2002,,,,,,,,,
2012-04-10,2,6,12,31,48,25,4,2002,,,,,,,,,
2012-04-13,9,14,17,36,42,33,4,2002,,,,,,,,,
2012-04-17,1,16,24,32,48,2,4,2002,,,,,,,,,
2012-04-20,14,23,26,33,35,40,3,2002,,,,,,,,,
2012-04-24,3,9,15,37,38,39,4,2002,,,,,,,,,
2012-04-27,2,5,45,46,47,37,4,2002,,,,,,,,,
2012-05-01,24,27,31,45,52,38,4,2002,,,,,,,,,
2012-05-04,4,11,21,42,53,38,4,2002,,,,,,,,,
2012-05-08,2,6,8,18,51,19,3,2002,,,,,,,,,
2012-05-11,3,15,29,35,54,8,4,2002,,,,,,,,,
2012-05-15,10,11,12,14,24,6,4,2002,,,,,,,,,
2012-05-18,3,11,22,34,49,1,4,2002,,,,,,,,,
2012-05-22,10,14,35,43,52,16,2,2002,,,,,,,,,
2012-05-25,9,15,21,40,54,11,4,2002,,,,,,,,,
2012-05-29,2,14,29,53,55,31,3,2002,,,,,,,,,
2012-06-01,2,27,38,46,52,45,3,2002,,,,,,,,,
2012-06-05,37,39,42,53,55,22,3,2002,,,,,,,,,
2012-06-08,4,9,34,40,48,25,3,2002,,,,,,,,,
2012-06-12,2,9,17,34,50,45,4,2002,,,,,,,,,
2012-06-15,8,12,18,30,40,4,3,2002,,,,,,,,,
2012-06-19,11,21,27,30,53,11,2,2002,,,,,,,,,
2012-06-22,10,16,19,32,36,13,3,2002,,,,,,,,,
2012-06-26,3,16,23,35,36,20,4,2002,,,,,,,,,
2012-06-29,28,34,39,45,53,34,4,2002,,,,,,,,,
2012-07-03,3,4,24,36,52,45,4,2002,,,,,,,,,
2012-07-06,20,23,28,35,39,21,3,2002,,,,,,,,,
2012-07-10,3,11,19,23,36,21,4,2002,,,,,,,,,
2012-07-13,6,7,13,24,46,34,2,2002,,,,,,,,,
2012-07-17,1,13,21,49,55,17,4,2002,,,,,,,,,
2012-07-20,2,44,48,50,52,3,3,2002,,,,,,,,,
2012-07-24,5,9,38,46,51,5,4,2002,,,,,,,,,
2012-07-27,2,3,4,8,43,26,3,2002,,,,,,,,,
2012-07-31,5,18,21,29,41,37,3,2002,,,,,,,,,
2012-08-03,2,10,13,38,46,2,3,2002,,,,,,,,,
2012-08-07,30,32,33,42,48,7,4,2002,,,,,,,,,
2012-08-10,10,18,36,38,44,8,4,2002,,,,,,,,,
2012-08-14,15,23,34,39,55,32,4,2002,,,,,,,,,
2012-08-17,8,20,24,35,56,24,3,2002,,,,,,,,,
2012-08-21,5,13,20,23,33,30,2,2002,,,,,,,,,
2012-08-24,25,34,45,46,49,34,2,2002,,,,,,,,,
2012-08-28,4,9,40,45,50,39,4,2002,,,,,,,,,
2012-08-31,31,40,41,47,48,45,3,2002,,,,,,,,,
2012-09-04,16,32,39,41,53,16,3,2002,,,,,,,,,
2012-09-07,15,32,38,42,46,31,4,2002,,,,,,,,,
2012-09-11,5,11,20,33,36,11,3,2002,,,,,,,,,
2012-09-14,16,17,21,40,51,20,4,2002,,,,,,,,,
2012-09-18,5,9,22,36,49,36,3,2002,,,,,,,,,
2012-09-21,3,13,14,46,55,34,4,2002,,,,,,,,,
2012-09-25,7,8,23,50,51,26,3,2002,,,,,,,,,
2012-09-28,6,8,14,43,56,28,4,2002,,,,,,,,,
2012-10-02,10,11,20,42,55,9,4,2002,,,,,,,,,
2012-10-05,8,9,16,32,39,15,3,2002,,,,,,,,,
2012-10-09,6,15,16,22,37,3,4,2002,,,,,,,,,
2012-10-12,6,10,24,26,42,15,4,2002,,,,,,,,,
2012-10-16,13,37,40,46,52,29,4,2002,,,,,,,,,
2012-10-19,14,34,36,48,53,42,3,2002,,,,,,,,,
2012-10-23,1,17,42,46,55,1,2,2002,,,,,,,,,
2012-10-26,4,15,24,36,40,44,2,2002,,,,,,,,,
2012-10-30,5,12,18,29,56,38,4,2002,,,,,,,,,
2012-11-02,4,18,22,38,44,24,3,2002,,,,,,,,,
2012-11-06,3,5,13,32,35,6,3,2002,,,,,,,,,
2012-11-09,18,22,33,35,40,11,4,2002,,,,,,,,,
2012-11-13,6,12,31,46,56,34,2,2002,,,,,,,,,
2012-11-16,5,24,26,29,53,36,4,2002,,,,,,,,,
2012-11-20,9,13,22,38,52,44,4,2002,,,,,,,,,
2012-11-23,8,37,44,47,48,27,4,2002,,,,,,,,,
2012-11-27,5,12,26,42,49,24,4,2002,,,,,,,,,
2012-11-30,11,22,24,28,31,46,3,2002,,,,,,,,,
2012-12-04,3,19,24,32,43,44,4,2002,,,,,,,,,
2012-12-07,7,43,44,51,56,4,3,2002,,,,,,,,,
2012-12-11,39,44,51,52,54,13,4,2002,,,,,,,,,
2012-12-14,11,28,33,41,43,41,4,2002,,,,,,,,,
2012-12-18,1,6,7,18,29,16,3,2002,,,,,,,,,
2012-12-21,3,18,32,41,56,19,3,2002,,,,,,,,,
2012-12-25,2,3,18,34,48,36,4,2002,,,,,,,,,
2012-12-28,10,13,32,40,41,32,4,2002,,,,,,,,,
2013-01-01,4,11,21,25,44,29,4,2002,,,,,,,,,
2013-01-04,1,2,23,25,55,39,4,2002,,,,,,,,,
2013-01-08,3,20,21,38,42,19,4,2002,,,,,,,,,
2013-01-11,24,29,30,34,56,1,4,2002,,,,,,,,,
2013-01-15,1,6,12,19,41,14,4,2002,,,,,,,,,
2013-01-18,8,18,25,42,49,14,3,2002,,,,,,,,,
2013-01-22,7,11,16,39,54,13,3,2002,,,,,,,,,
2013-01-25,11,12,17,31,48,1,4,2002,,,,,,,,,
2013-01-29,8,12,27,46,47,6,3,2002,,,,,,,,,
2013-02-01,1,30,32,40,41,17,3,2002,,,,,,,,,
2013-02-05,2,5,10,26,44,46,4,2002,,,,,,,,,
2013-02-08,6,15,20,39,50,5,4,2002,,,,,,,,,
2013-02-12,9,22,32,38,55,44,3,2002,,,,,,,,,
2013-02-15,11,35,41,42,44,42,4,2002,,,,,,,,,
2013-02-19,1,15,19,30,56,28,3,2002,,,,,,,,,
2013-02-22,9,13,24,38,49,30,3,2002,,,,,,,,,
2013-02-26,6,7,13,15,43,7,4,2002,,,,,,,,,
2013-03-01,17,30,38,43,51,20,4,2002,,,,,,,,,
2013-03-05,6,20,39,41,46,42,3,2002,,,,,,,,,
2013-03-08,4,11,25,34,35,44,4,2002,,,,,,,,,
2013-03-12,9,12,19,20,30,39,4,2002,,,,,,,,,
2013-03-15,4,8,17,22,32,8,2,2002,,,,,,,,,
2013-03-19,3,6,14,21,37,35,3,2002,,,,,,,,,
2013-03-22,14,27,34,37,41,38,4,2002,,,,,,,,,
2013-03-26,20,33,46,49,51,46,4,2002,,,,,,,,,
2013-03-29,25,31,36,46,53,21,4,2002,,,,,,,,,
2013-04-02,7,10,14,40,47,34,4,2002,,,,,,,,,
2013-04-05,8,15,23,36,41,5,3,2002,,,,,,,,,
2013-04-09,17,30,41,48,54,13,4,2002,,,,,,,,,
2013-04-12,1,10,13,19,21,28,3,2002,,,,,,,,,
2013-04-16,2,5,15,18,39,42,2,2002,,,,,,,,,
2013-04-19,6,8,12,22,43,28,4,2002,,,,,,,,,
2013-04-23,9,21,22,32,50,10,3,2002,,,,,,,,,
2013-04-26,17,42,49,54,55,31,4,2002,,,,,,,,,
2013-04-30,21,30,34,39,49,43,3,2002,,,,,,,,,
2013-05-03,2,20,34,42,54,39,2,2002,,,,,,,,,
2013-05-07,1,6,13,20,51,31,4,2002,,,,,,,,,
2013-05-10,1,19,20,39,49,28,4,2002,,,,,,,,,
2013-05-14,6,10,12,28,32,38,4,2002,,,,,,,,,
2013-05-17,11,15,35,43,49,41,4,2002,,,,,,,,,
2013-05-21,2,15,17,48,55,11,4,2002,,,,,,,,,
2013-05-24,4,5,16,18,53,28,4,2002,,,,,,,,,
2013-05-28,4,12,25,32,54,36,4,2002,,,,,,,,,
2013-05-31,2,20,26,44,46,26,3,2002,,,,,,,,,
2013-06-04,10,11,12,20,55,19,3,2002,,,,,,,,,
2013-06-07,1,10,37,48,55,21,4,2002,,,,,,,,,
2013-06-11,15,40,45,50,53,28,4,2002,,,,,,,,,
2013-06-14,2,5,31,33,34,20,4,2002,,,,,,,,,
2013-06-18,6,17,34,40,48,30,2,2002,,,,,,,,,
2013-06-21,3,14,17,40,50,3,3,2002,,,,,,,,,
2013-06-25,3,5,28,33,51,16,2,2002,,,,,,,,,
2013-06-28,8,15,35,46,52,38,4,2002,,,,,,,,,
2013-07-02,36,42,51,52,53,40,4,2002,,,,,,,,,
2013-07-05,2,23,41,47,54,42,4,2002,,,,,,,,,
2013-07-09,3,21,43,45,48,14,2,2002,,,,,,,,,
2013-07-12,4,5,25,27,51,10,3,2002,,,,,,,,,
2013-07-16,10,14,21,40,53,20,2,2002,,,,,,,,,
2013-07-19,16,20,24,39,42,46,3,2002,,,,,,,,,
2013-07-23,25,32,35,50,51,46,3,2002,,,,,,,,,
2013-07-26,4,22,23,27,38,42,4,2002,,,,,,,,,
2013-07-30,25,27,36,42,44,39,3,2002,,,,,,,,,
2013-08-02,8,21,23,25,39,4,2,2002,,,,,,,,,
2013-08-06,1,11,16,51,55,41,3,2002,,,,,,,,,
2013-08-09,11,20,30,34,38,12,3,2002,,,,,,,,,
2013-08-13,2,31,32,37,41,40,4,2002,,,,,,,,,
2013-08-16,7,13,26,36,46,37,4,2002,,,,,,,,,
2013-08-20,13,28,35,38,41,33,3,2002,,,,,,,,,
2013-08-23,1,9,17,20,53,14,4,2002,,,,,,,,,
2013-08-27,4,7,30,36,38,38,4,2002,,,,,,,,,
2013-08-30,6,19,24,43,44,33,2,2002,,,,,,,,,
2013-09-03,4,13,14,28,41,28,3,2002,,,,,,,,,
2013-09-06,2,16,17,22,41,31,4,2002,,,,,,,,,
2013-09-10,2,12,18,54,56,1,3,2002,,,,,,,,,
2013-09-13,9,22,28,48,54,8,4,2002,,,,,,,,,
2013-09-17,6,15,27,31,39,25,2,2002,,,,,,,,,
2013-09-20,1,15,20,21,47,34,2,2002,,,,,,,,,
2013-09-24,4,11,32,39,40,33,3,2002,,,,,,,,,
2013-09-27,9,23,27,49,51,38,2,2002,,,,,,,,,
2013-10-01,7,10,30,37,53,1,3,2002,,,,,,,,,
2013-10-04,4,16,24,25,44,5,3,2002,,,,,,,,,
2013-10-08,6,15,19,23,40,5,3,2002,,,,,,,,,
2013-10-11,3,27,37,45,48,46,4,2002,,,,,,,,,
2013-10-15,4,23,30,43,50,11,4,2002,,,,,,,,,
2013-10-22,2,3,19,52,71,14,5,2013,"<-- New Rules in effect,  5 / (1-75) + 1 (1-15)",,,,,,,,
2013-10-25,6,16,45,54,60,15,2,2013,,,,,,,,,
2013-10-29,20,33,50,53,54,7,3,2013,,"New Game Statistics (since 2013-10-22, until today)",,,,,Old Rules,2017 Rules,
2013-11-01,32,35,49,62,67,1,5,2013,,,Perfect Frequency =,,1.33%,,,,
2013-11-05,2,11,42,64,74,2,5,2013,,Number,# of times,Frequency,,MegaBall,# of times ,Frequency,
2013-11-08,41,42,51,57,65,7,2,2013,,1,34,1.37%,,1,34,6.85%,
2013-11-12,20,30,32,42,71,15,5,2013,,2,40,1.61%,,2,28,5.65%,
2013-11-15,25,44,49,54,63,8,4,2013,,3,35,1.41%,,3,33,6.65%,
2013-11-19,14,15,29,49,63,2,3,2013,,4,31,1.25%,,4,30,6.05%,
2013-11-22,17,23,35,36,44,8,3,2013,,5,31,1.25%,,5,21,4.23%,
2013-11-26,27,44,59,74,75,3,5,2013,,6,32,1.29%,,6,32,6.45%,
2013-11-29,9,41,43,47,57,5,4,2013,,7,37,1.49%,,7,38,7.66%,
2013-12-03,7,12,41,44,59,3,3,2013,,8,33,1.33%,,8,25,5.04%,
2013-12-06,11,29,44,63,64,3,3,2013,,9,28,1.13%,,9,35,7.06%,
2013-12-10,5,12,22,41,65,13,2,2013,,10,34,1.37%,,10,35,7.06%,
2013-12-13,19,24,26,27,70,12,2,2013,,11,42,1.69%,,11,29,5.85%,
2013-12-17,8,14,17,20,39,7,4,2013,,12,33,1.33%,,12,28,5.65%,
2013-12-20,3,4,31,49,57,6,2,2013,,13,30,1.21%,,13,26,5.24%,
2013-12-24,23,34,53,58,73,2,3,2013,,14,39,1.57%,,14,31,6.25%,
2013-12-27,4,15,35,48,49,11,5,2013,,15,26,1.05%,,15,37,7.46%,
2013-12-31,8,12,34,52,58,8,3,2013,,16,33,1.33%,,16,3,0.60%,"<- 2017 Rules change, 1 - 25 now"
2014-01-03,22,24,25,40,70,5,5,2013,,17,45,1.81%,,17,3,0.60%,
2014-01-07,13,34,56,62,64,6,5,2013,,18,34,1.37%,,18,1,0.20%,
2014-01-10,8,28,36,37,57,8,3,2013,,19,27,1.09%,,19,3,0.60%,
2014-01-14,4,23,26,62,69,13,3,2013,,20,41,1.65%,,20,3,0.60%,
2014-01-17,1,10,26,31,51,11,4,2013,,21,32,1.29%,,21,2,0.40%,
2014-01-21,8,23,33,45,52,4,4,2013,,22,29,1.17%,,22,7,1.41%,
2014-01-24,22,45,46,47,65,10,5,2013,,23,31,1.25%,,23,5,1.01%,
2014-01-28,7,16,28,53,60,2,3,2013,,24,36,1.45%,,24,4,0.81%,
2014-01-31,3,9,13,47,52,8,4,2013,,25,41,1.65%,,25,3,0.60%,
2014-02-04,25,44,49,60,73,9,3,2013,,26,37,1.49%,,,,,
2014-02-07,11,21,23,35,64,10,3,2013,,27,31,1.25%,,,,,
2014-02-11,43,64,67,71,73,4,2,2013,,28,43,1.73%,,,,,
2014-02-14,20,28,35,71,72,7,3,2013,,29,43,1.73%,,,,,
2014-02-18,23,29,31,37,70,14,5,2013,,30,35,1.41%,,,,,
2014-02-21,23,29,32,45,46,15,5,2013,,31,47,1.90%,,,,,
2014-02-25,12,18,25,35,66,15,5,2013,,32,27,1.09%,,,,,
2014-02-28,3,31,50,58,59,6,4,2013,,33,40,1.61%,,,,,
2014-03-04,10,29,31,35,45,10,2,2013,,34,31,1.25%,,,,,
2014-03-07,11,13,51,57,69,1,4,2013,,35,40,1.61%,,,,,
2014-03-11,9,14,56,57,69,10,4,2013,,36,28,1.13%,,,,,
2014-03-14,7,20,40,54,69,12,3,2013,,37,33,1.33%,,,,,
2014-03-18,11,19,24,33,51,7,3,2013,,38,36,1.45%,,,,,
2014-03-21,2,23,30,35,53,10,5,2013,,39,35,1.41%,,,,,
2014-03-25,19,26,51,57,73,15,3,2013,,40,24,0.97%,,,,,
2014-03-28,2,3,9,50,73,12,3,2013,,41,43,1.73%,,,,,
2014-04-01,10,23,68,74,75,9,5,2013,,42,34,1.37%,,,,,
2014-04-04,1,10,15,41,54,9,2,2013,,43,23,0.93%,,,,,
2014-04-08,35,36,41,60,71,3,3,2013,,44,37,1.49%,,,,,
2014-04-11,3,42,44,47,57,8,5,2013,,45,37,1.49%,,,,,
2014-04-15,4,39,46,47,70,13,3,2013,,46,36,1.45%,,,,,
2014-04-18,18,25,38,45,63,9,2,2013,,47,33,1.33%,,,,,
2014-04-22,2,18,19,49,50,1,3,2013,,48,27,1.09%,,,,,
2014-04-25,3,11,18,20,66,9,2,2013,,49,43,1.73%,,,,,
2014-04-29,7,43,59,61,66,3,3,2013,,50,35,1.41%,,,,,
2014-05-02,1,18,26,35,40,13,5,2013,,51,43,1.73%,,,,,
2014-05-06,18,20,27,48,51,5,3,2013,,52,28,1.13%,,,,,
2014-05-09,10,28,39,51,59,14,2,2013,,53,36,1.45%,,,,,
2014-05-13,37,46,48,70,74,1,2,2013,,54,32,1.29%,,,,,
2014-05-16,13,14,16,50,56,11,5,2013,,55,22,0.89%,,,,,
2014-05-20,10,40,63,64,69,7,2,2013,,56,36,1.45%,,,,,
2014-05-23,12,14,21,38,70,15,4,2013,,57,30,1.21%,,,,,
2014-05-27,1,6,10,46,58,13,2,2013,,58,40,1.61%,,,,,
2014-05-30,10,13,42,43,62,2,4,2013,,59,32,1.29%,,,,,
2014-06-03,19,28,62,66,74,6,3,2013,,60,28,1.13%,,,,,
2014-06-06,12,29,37,49,72,9,4,2013,,61,26,1.05%,,,,,
2014-06-10,2,10,24,26,74,7,5,2013,,62,31,1.25%,,,,,
2014-06-13,7,38,46,49,56,1,5,2013,,63,26,1.05%,,,,,
2014-06-17,10,14,24,47,60,3,4,2013,,64,29,1.17%,,,,,
2014-06-20,1,22,25,29,56,3,5,2013,,65,26,1.05%,,,,,
2014-06-24,13,17,24,47,65,10,4,2013,,66,37,1.49%,,,,,
2014-06-27,15,29,31,46,64,10,3,2013,,67,23,0.93%,,,,,
2014-07-01,9,22,38,47,49,15,3,2013,,68,35,1.41%,,,,,
2014-07-04,16,33,39,58,69,2,5,2013,,69,28,1.13%,,,,,
2014-07-08,14,25,27,48,49,9,5,2013,,70,32,1.29%,,,,,
2014-07-11,9,13,30,35,69,10,5,2013,,71,22,0.89%,,"<- Change of rules in 2017, only 1 - 70 now)",,,
2014-07-15,2,4,17,36,40,5,2,2013,,72,20,0.81%,,,,,
2014-07-18,5,8,59,65,72,3,3,2013,,73,31,1.25%,,,,,
2014-07-22,14,18,22,31,47,15,3,2013,,74,30,1.21%,,,,,
2014-07-25,22,29,33,41,68,12,5,2013,,75,25,1.01%,,,,,
2014-07-29,2,8,16,43,74,1,4,2013,,,,,,,,,
2014-08-01,13,29,34,37,72,6,5,2013,,,,,,,,,
2014-08-05,25,28,36,45,53,6,5,2013,,,,,,,,,
2014-08-08,9,16,61,70,75,7,5,2013,,,,,,,,,
2014-08-12,32,53,60,63,68,6,4,2013,,,,,,,,,
2014-08-15,16,19,28,29,68,9,2,2013,,,,,,,,,
2014-08-19,22,39,56,67,71,15,4,2013,,,,,,,,,
2014-08-22,5,31,34,41,74,3,5,2013,,,,,,,,,
2014-08-26,29,31,51,60,64,1,5,2013,,,,,,,,,
2014-08-29,3,26,45,58,73,12,2,2013,,,,,,,,,
2014-09-02,1,8,54,69,72,1,3,2013,,,,,,,,,
2014-09-05,7,12,20,24,59,7,2,2013,,,,,,,,,
2014-09-09,25,34,55,70,71,1,4,2013,,,,,,,,,
2014-09-12,18,28,33,36,42,7,3,2013,,,,,,,,,
2014-09-16,25,45,51,53,73,2,2,2013,,,,,,,,,
2014-09-19,16,25,27,29,34,2,2,2013,,,,,,,,,
2014-09-23,21,24,25,40,43,12,5,2013,,,,,,,,,
2014-09-26,17,26,35,46,62,9,5,2013,,,,,,,,,
2014-09-30,3,16,52,54,61,6,5,2013,,,,,,,,,
2014-10-03,3,20,34,58,67,6,3,2013,,,,,,,,,
2014-10-07,16,29,46,48,55,2,3,2013,,,,,,,,,
2014-10-10,2,32,35,50,59,3,5,2013,,,,,,,,,
2014-10-14,11,37,46,64,68,15,3,2013,,,,,,,,,
2014-10-17,21,31,43,56,60,12,4,2013,,,,,,,,,
2014-10-21,5,35,37,41,66,11,5,2013,,,,,,,,,
2014-10-24,2,14,21,28,55,3,3,2013,,,,,,,,,
2014-10-28,3,50,57,58,60,11,5,2013,,,,,,,,,
2014-10-31,11,29,36,58,67,15,2,2013,,,,,,,,,
2014-11-04,9,15,24,39,41,1,4,2013,,,,,,,,,
2014-11-07,31,35,41,65,66,5,5,2013,,,,,,,,,
2014-11-11,23,25,28,30,75,11,5,2013,,,,,,,,,
2014-11-14,3,49,61,62,68,15,5,2013,,,,,,,,,
2014-11-18,37,39,53,68,75,6,2,2013,,,,,,,,,
2014-11-21,3,12,35,37,63,15,2,2013,,,,,,,,,
2014-11-25,10,11,29,47,56,4,2,2013,,,,,,,,,
2014-11-28,8,26,29,36,47,10,3,2013,,,,,,,,,
2014-12-02,13,18,22,49,62,11,5,2013,,,,,,,,,
2014-12-05,4,5,11,51,59,5,5,2013,,,,,,,,,
2014-12-09,27,45,49,51,52,14,5,2013,,,,,,,,,
2014-12-12,2,31,46,58,65,7,5,2013,,,,,,,,,
2014-12-16,41,58,68,72,73,1,5,2013,,,,,,,,,
2014-12-19,14,18,58,59,68,4,3,2013,,,,,,,,,
2014-12-23,4,10,31,56,66,7,3,2013,,,,,,,,,
2014-12-26,2,5,10,20,38,14,3,2013,,,,,,,,,
2014-12-30,3,7,44,63,67,12,4,2013,,,,,,,,,
2015-01-02,13,15,35,62,74,12,4,2013,,,,,,,,,
2015-01-06,12,20,27,38,75,4,3,2013,,,,,,,,,
2015-01-09,37,49,50,56,57,8,5,2013,,,,,,,,,
2015-01-13,12,20,25,50,51,7,5,2013,,,,,,,,,
2015-01-16,26,32,44,45,58,11,3,2013,,,,,,,,,
2015-01-20,31,35,56,59,63,6,5,2013,,,,,,,,,
2015-01-23,14,15,32,68,72,8,2,2013,,,,,,,,,
2015-01-27,5,26,27,44,57,7,3,2013,,,,,,,,,
2015-01-30,18,31,39,45,55,6,5,2013,,,,,,,,,
2015-02-03,11,22,25,58,69,13,5,2013,,,,,,,,,
2015-02-06,5,6,17,33,68,13,3,2013,,,,,,,,,
2015-02-10,7,42,53,58,71,15,2,2013,,,,,,,,,
2015-02-13,4,20,44,65,74,14,3,2013,,,,,,,,,
2015-02-17,6,45,50,65,66,1,5,2013,,,,,,,,,
2015-02-20,2,6,8,52,66,13,3,2013,,,,,,,,,
2015-02-24,15,23,26,45,66,4,3,2013,,,,,,,,,
2015-02-27,7,49,53,60,64,4,2,2013,,,,,,,,,
2015-03-03,9,11,42,44,50,3,4,2013,,,,,,,,,
2015-03-06,30,48,55,68,73,5,3,2013,,,,,,,,,
2015-03-10,10,14,19,30,73,14,5,2013,,,,,,,,,
2015-03-13,8,22,30,42,45,3,5,2013,,,,,,,,,
2015-03-17,11,27,44,45,58,3,5,2013,,,,,,,,,
2015-03-20,7,50,54,61,75,7,4,2013,,,,,,,,,
2015-03-24,2,23,32,45,55,12,2,2013,,,,,,,,,
2015-03-27,17,21,36,58,70,3,5,2013,,,,,,,,,
2015-03-31,8,26,41,61,73,11,5,2013,,,,,,,,,
2015-04-03,10,36,47,63,74,2,5,2013,,,,,,,,,
2015-04-07,5,15,22,26,64,6,4,2013,,,,,,,,,
2015-04-10,6,11,32,46,68,9,2,2013,,,,,,,,,
2015-04-14,3,7,25,68,71,3,5,2013,,,,,,,,,
2015-04-17,15,18,29,41,50,5,2,2013,,,,,,,,,
2015-04-21,31,33,35,41,69,11,5,2013,,,,,,,,,
2015-04-24,24,25,29,47,67,4,4,2013,,,,,,,,,
2015-04-28,22,27,55,58,63,11,5,2013,,,,,,,,,
2015-05-01,17,18,61,66,74,3,3,2013,,,,,,,,,
2015-05-05,11,21,42,62,71,7,5,2013,,,,,,,,,
2015-05-08,9,21,25,66,72,7,3,2013,,,,,,,,,
2015-05-12,14,30,33,36,44,2,5,2013,,,,,,,,,
2015-05-15,11,17,21,36,74,15,5,2013,,,,,,,,,
2015-05-19,10,12,21,29,65,10,5,2013,,,,,,,,,
2015-05-22,3,14,15,25,48,8,5,2013,,,,,,,,,
2015-05-26,1,39,52,69,72,12,4,2013,,,,,,,,,
2015-05-29,20,27,38,49,66,2,4,2013,,,,,,,,,
2015-06-02,2,9,11,22,23,12,4,2013,,,,,,,,,
2015-06-05,7,22,27,41,49,10,4,2013,,,,,,,,,
2015-06-09,6,16,17,25,36,7,5,2013,,,,,,,,,
2015-06-12,1,40,42,56,62,2,5,2013,,,,,,,,,
2015-06-16,8,19,26,56,67,14,2,2013,,,,,,,,,
2015-06-19,4,35,36,52,68,8,3,2013,,,,,,,,,
2015-06-23,6,13,38,56,70,2,5,2013,,,,,,,,,
2015-06-26,12,23,33,47,50,3,5,2013,,,,,,,,,
2015-06-30,11,17,34,43,50,15,4,2013,,,,,,,,,
2015-07-03,33,50,64,71,72,9,4,2013,,,,,,,,,
2015-07-07,6,15,16,28,49,14,3,2013,,,,,,,,,
2015-07-10,24,27,45,51,54,8,3,2013,,,,,,,,,
2015-07-14,19,24,30,35,72,5,3,2013,,,,,,,,,
2015-07-17,6,17,30,31,41,15,3,2013,,,,,,,,,
2015-07-21,20,30,62,65,74,1,5,2013,,,,,,,,,
2015-07-24,10,12,26,60,62,13,5,2013,,,,,,,,,
2015-07-28,8,35,61,68,75,15,5,2013,,,,,,,,,
2015-07-31,28,32,33,40,46,10,4,2013,,,,,,,,,
2015-08-04,2,19,44,51,57,14,2,2013,,,,,,,,,
2015-08-07,1,38,53,63,66,10,3,2013,,,,,,,,,
2015-08-11,3,8,29,57,68,8,4,2013,,,,,,,,,
2015-08-14,12,15,20,52,71,3,4,2013,,,,,,,,,
2015-08-18,2,7,33,39,53,9,3,2013,,,,,,,,,
2015-08-21,13,15,21,41,72,1,5,2013,,,,,,,,,
2015-08-25,5,44,54,59,63,1,5,2013,,,,,,,,,
2015-08-28,13,35,40,60,68,9,4,2013,,,,,,,,,
2015-09-01,2,5,35,40,54,13,5,2013,,,,,,,,,
2015-09-04,17,21,39,52,57,5,5,2013,,,,,,,,,
2015-09-08,19,20,36,41,46,7,3,2013,,,,,,,,,
2015-09-11,5,11,31,50,67,14,2,2013,,,,,,,,,
2015-09-15,7,20,35,49,56,9,4,2013,,,,,,,,,
2015-09-18,17,34,35,51,65,7,3,2013,,,,,,,,,
2015-09-22,28,30,38,45,51,8,5,2013,,,,,,,,,
2015-09-25,3,8,38,51,64,4,5,2013,,,,,,,,,
2015-09-29,8,21,30,61,62,9,3,2013,,,,,,,,,
2015-10-02,4,14,29,31,47,9,2,2013,,,,,,,,,
2015-10-06,17,58,63,64,66,13,3,2013,,,,,,,,,
2015-10-09,8,9,21,63,75,14,4,2013,,,,,,,,,
2015-10-13,7,9,24,38,52,1,5,2013,,,,,,,,,
2015-10-16,2,38,48,61,68,4,3,2013,,,,,,,,,
2015-10-20,6,25,35,38,52,4,4,2013,,,,,,,,,
2015-10-23,25,32,37,45,70,1,5,2013,,,,,,,,,
2015-10-27,9,26,27,29,74,4,3,2013,,,,,,,,,
2015-10-30,17,41,51,53,56,15,5,2013,,,,,,,,,
2015-11-03,16,29,44,69,74,12,5,2013,,,,,,,,,
2015-11-06,10,31,35,50,72,8,3,2013,,,,,,,,,
2015-11-10,8,17,20,45,71,4,4,2013,,,,,,,,,
2015-11-13,17,18,31,35,59,9,5,2013,,,,,,,,,
2015-11-17,12,14,18,24,61,10,3,2013,,,,,,,,,
2015-11-20,9,12,29,37,67,15,2,2013,,,,,,,,,
2015-11-24,2,19,30,38,70,8,4,2013,,,,,,,,,
2015-11-27,16,20,39,56,59,12,3,2013,,,,,,,,,
2015-12-01,5,7,25,50,59,12,2,2013,,,,,,,,,
2015-12-04,26,42,47,61,73,6,5,2013,,,,,,,,,
2015-12-08,7,17,37,49,73,15,3,2013,,,,,,,,,
2015-12-11,14,20,43,54,69,5,4,2013,,,,,,,,,
2015-12-15,18,25,47,51,61,5,5,2013,,,,,,,,,
2015-12-18,6,23,24,28,62,7,5,2013,,,,,,,,,
2015-12-22,11,21,40,50,70,15,3,2013,,,,,,,,,
2015-12-25,15,25,29,44,51,4,4,2013,,,,,,,,,
2015-12-29,20,25,55,62,74,7,3,2013,,,,,,,,,
2016-01-01,7,18,37,38,39,9,5,2013,,,,,,,,,
2016-01-05,1,4,36,48,57,13,5,2013,,,,,,,,,
2016-01-08,11,39,51,57,75,2,5,2013,,,,,,,,,
2016-01-12,15,27,29,31,48,15,4,2013,,,,,,,,,
2016-01-15,29,41,53,54,70,12,2,2013,,,,,,,,,
2016-01-19,2,17,31,39,47,9,2,2013,,,,,,,,,
2016-01-22,21,25,40,46,56,3,5,2013,,,,,,,,,
2016-01-26,14,27,39,50,69,2,2,2013,,,,,,,,,
2016-01-29,20,28,49,51,52,6,2,2013,,,,,,,,,
2016-02-02,7,13,25,51,70,9,4,2013,,,,,,,,,
2016-02-05,4,6,23,55,75,2,3,2013,,,,,,,,,
2016-02-09,3,42,46,56,71,13,4,2013,,,,,,,,,
2016-02-12,1,7,44,68,73,1,3,2013,,,,,,,,,
2016-02-16,9,31,33,46,64,4,3,2013,,,,,,,,,
2016-02-19,2,27,41,50,75,4,4,2013,,,,,,,,,
2016-02-23,16,32,39,53,57,10,5,2013,,,,,,,,,
2016-02-26,3,15,19,62,74,14,4,2013,,,,,,,,,
2016-03-01,1,29,33,34,55,6,5,2013,,,,,,,,,
2016-03-04,21,26,33,48,73,14,4,2013,,,,,,,,,
2016-03-08,27,37,54,66,69,5,5,2013,,,,,,,,,
2016-03-11,14,18,48,54,71,13,4,2013,,,,,,,,,
2016-03-15,18,26,30,44,68,7,4,2013,,,,,,,,,
2016-03-18,5,8,57,59,73,13,5,2013,,,,,,,,,
2016-03-22,6,19,34,38,70,5,5,2013,,,,,,,,,
2016-03-25,4,11,12,35,46,12,2,2013,,,,,,,,,
2016-03-29,33,38,40,46,49,15,5,2013,,,,,,,,,
2016-04-01,25,28,33,41,69,6,2,2013,,,,,,,,,
2016-04-05,13,45,52,53,57,10,5,2013,,,,,,,,,
2016-04-08,31,38,52,65,71,15,3,2013,,,,,,,,,
2016-04-12,7,11,59,62,63,3,5,2013,,,,,,,,,
2016-04-15,9,10,34,37,73,9,5,2013,,,,,,,,,
2016-04-19,9,28,40,57,65,2,5,2013,,,,,,,,,
2016-04-22,2,19,21,42,60,13,5,2013,,,,,,,,,
2016-04-26,14,16,17,28,48,2,2,2013,,,,,,,,,
2016-04-29,5,6,37,55,74,10,5,2013,,,,,,,,,
2016-05-03,28,29,33,36,45,15,5,2013,,,,,,,,,
2016-05-06,14,26,27,32,36,7,4,2013,,,,,,,,,
2016-05-10,12,22,46,56,74,4,3,2013,,,,,,,,,
2016-05-13,20,21,38,54,66,7,4,2013,,,,,,,,,
2016-05-17,17,24,27,48,75,6,3,2013,,,,,,,,,
2016-05-20,19,24,26,40,68,8,2,2013,,,,,,,,,
2016-05-24,11,50,51,70,75,15,4,2013,,,,,,,,,
2016-05-27,18,41,50,68,70,9,3,2013,,,,,,,,,
2016-05-31,9,31,34,41,49,8,5,2013,,,,,,,,,
2016-06-03,32,54,65,66,71,10,3,2013,,,,,,,,,
2016-06-07,25,48,51,65,72,4,4,2013,,,,,,,,,
2016-06-10,34,61,66,67,68,7,5,2013,,,,,,,,,
2016-06-14,36,37,38,52,62,6,5,2013,,,,,,,,,
2016-06-17,20,23,30,44,59,9,5,2013,,,,,,,,,
2016-06-21,6,13,21,49,50,10,5,2013,,,,,,,,,
2016-06-24,11,14,54,57,63,11,5,2013,,,,,,,,,
2016-06-28,15,17,20,35,55,7,2,2013,,,,,,,,,
2016-07-01,20,41,42,45,49,14,2,2013,,,,,,,,,
2016-07-05,29,46,53,64,73,10,5,2013,,,,,,,,,
2016-07-08,8,19,20,55,73,5,2,2013,,,,,,,,,
2016-07-12,6,8,22,46,68,4,4,2013,,,,,,,,,
2016-07-15,16,51,52,56,58,4,2,2013,,,,,,,,,
2016-07-19,3,34,54,65,66,4,5,2013,,,,,,,,,
2016-07-22,8,24,25,26,30,7,4,2013,,,,,,,,,
2016-07-26,1,4,31,36,54,9,3,2013,,,,,,,,,
2016-07-29,11,16,19,31,48,4,5,2013,,,,,,,,,
2016-08-02,3,12,36,54,70,12,5,2013,,,,,,,,,
2016-08-05,5,18,28,54,74,6,4,2013,,,,,,,,,
2016-08-09,12,19,20,44,66,1,5,2013,,,,,,,,,
2016-08-12,4,41,44,56,69,10,4,2013,,,,,,,,,
2016-08-16,2,43,52,62,63,6,5,2013,,,,,,,,,
2016-08-19,22,37,45,65,73,13,5,2013,,,,,,,,,
2016-08-23,2,7,46,61,66,1,2,2013,,,,,,,,,
2016-08-26,10,11,31,41,44,14,2,2013,,,,,,,,,
2016-08-30,28,32,41,51,71,11,4,2013,,,,,,,,,
2016-09-02,22,28,41,46,60,3,3,2013,,,,,,,,,
2016-09-06,25,37,58,69,75,8,3,2013,,,,,,,,,
2016-09-09,1,34,43,44,63,11,4,2013,,,,,,,,,
2016-09-13,6,15,17,39,56,15,3,2013,,,,,,,,,
2016-09-16,13,21,28,34,40,15,3,2013,,,,,,,,,
2016-09-20,2,22,34,62,72,2,5,2013,,,,,,,,,
2016-09-23,1,5,8,25,62,14,3,2013,,,,,,,,,
2016-09-27,14,16,26,53,72,4,4,2013,,,,,,,,,
2016-09-30,21,30,47,50,57,9,5,2013,,,,,,,,,
2016-10-04,18,29,30,54,66,1,5,2013,,,,,,,,,
2016-10-07,24,37,42,50,65,14,2,2013,,,,,,,,,
2016-10-11,36,39,42,45,48,3,2,2013,,,,,,,,,
2016-10-14,7,27,60,64,74,5,3,2013,,,,,,,,,
2016-10-18,7,24,28,65,74,1,2,2013,,,,,,,,,
2016-10-21,12,43,44,48,66,3,4,2013,,,,,,,,,
2016-10-25,8,9,24,49,67,13,3,2013,,,,,,,,,
2016-10-28,7,38,46,57,66,2,5,2013,,,,,,,,,
2016-11-01,19,24,31,39,45,13,2,2013,,,,,,,,,
2016-11-04,10,29,32,44,46,10,3,2013,,,,,,,,,
2016-11-08,46,48,53,61,74,12,4,2013,,,,,,,,,
2016-11-11,16,40,47,53,59,11,5,2013,,,,,,,,,
2016-11-15,9,17,23,57,71,6,3,2013,,,,,,,,,
2016-11-18,31,32,49,55,58,15,5,2013,,,,,,,,,
2016-11-22,1,43,45,66,69,7,5,2013,,,,,,,,,
2016-11-25,44,47,49,69,75,10,3,2013,,,,,,,,,
2016-11-29,22,33,49,51,59,8,4,2013,,,,,,,,,
2016-12-02,3,33,35,49,51,1,2,2013,,,,,,,,,
2016-12-06,13,34,48,53,63,12,4,2013,,,,,,,,,
2016-12-09,19,27,47,67,68,1,5,2013,,,,,,,,,
2016-12-13,2,15,26,34,41,14,5,2013,,,,,,,,,
2016-12-16,1,8,15,36,43,6,5,2013,,,,,,,,,
2016-12-20,1,12,14,48,65,2,5,2013,,,,,,,,,
2016-12-23,21,30,39,60,69,15,5,2013,,,,,,,,,
2016-12-27,2,28,30,38,39,11,4,2013,,,,,,,,,
2016-12-30,6,21,33,39,43,2,2,2013,,,,,,,,,
2017-01-03,14,16,23,49,53,12,2,2013,,,,,,,,,
2017-01-06,6,10,44,47,54,6,5,2013,,,,,,,,,
2017-01-10,11,20,40,41,59,15,5,2013,,,,,,,,,
2017-01-13,10,44,58,74,75,11,3,2013,,,,,,,,,
2017-01-17,20,31,54,56,59,3,5,2013,,,,,,,,,
2017-01-20,7,9,24,41,53,14,3,2013,,,,,,,,,
2017-01-24,8,42,54,63,67,11,4,2013,,,,,,,,,
2017-01-27,17,37,53,54,61,8,3,2013,,,,,,,,,
2017-01-31,3,14,27,62,72,4,3,2013,,,,,,,,,
2017-02-03,3,6,29,30,64,3,5,2013,,,,,,,,,
2017-02-07,23,28,37,56,71,12,5,2013,,,,,,,,,
2017-02-10,32,39,51,62,75,14,5,2013,,,,,,,,,
2017-02-14,7,11,33,60,68,15,5,2013,,,,,,,,,
2017-02-17,4,56,58,67,75,8,5,2013,,,,,,,,,
2017-02-21,9,21,30,32,75,9,5,2013,,,,,,,,,
2017-02-24,12,29,33,42,68,14,3,2013,,,,,,,,,
2017-02-28,20,33,45,58,69,4,2,2013,,,,,,,,,
2017-03-03,14,26,39,48,51,9,5,2013,,,,,,,,,
2017-03-07,3,30,45,53,68,11,3,2013,,,,,,,,,
2017-03-10,26,38,42,58,70,5,5,2013,,,,,,,,,
2017-03-14,16,23,28,33,59,13,3,2013,,,,,,,,,
2017-03-17,11,27,31,58,60,10,4,2013,,,,,,,,,
2017-03-21,4,45,53,73,75,7,3,2013,,,,,,,,,
2017-03-24,5,28,37,61,69,1,5,2013,,,,,,,,,
2017-03-28,30,33,35,37,46,10,5,2013,,,,,,,,,
2017-03-31,17,24,27,32,58,10,3,2013,,,,,,,,,
2017-04-04,13,24,34,35,55,9,5,2013,,,,,,,,,
2017-04-07,30,33,43,47,69,15,5,2013,,,,,,,,,
2017-04-11,19,34,35,38,49,8,5,2013,,,,,,,,,
2017-04-14,5,10,55,60,73,12,5,2013,,,,,,,,,
2017-04-18,8,29,30,43,64,6,3,2013,,,,,,,,,
2017-04-21,1,12,13,32,34,10,2,2013,,,,,,,,,
2017-04-25,3,13,33,40,50,2,4,2013,,,,,,,,,
2017-04-28,6,13,18,20,31,13,4,2013,,,,,,,,,
2017-05-02,5,14,42,43,58,1,4,2013,,,,,,,,,
2017-05-05,4,23,33,47,53,7,4,2013,,,,,,,,,
2017-05-09,6,29,45,69,73,11,5,2013,,,,,,,,,
2017-05-12,28,34,41,42,47,13,4,2013,,,,,,,,,
2017-05-16,4,35,39,56,72,11,5,2013,,,,,,,,,
2017-05-19,1,4,5,24,30,1,3,2013,,,,,,,,,
2017-05-23,6,13,17,33,60,14,2,2013,,,,,,,,,
2017-05-26,25,26,28,37,56,5,3,2013,,,,,,,,,
2017-05-30,5,20,32,37,67,5,5,2013,,,,,,,,,
2017-06-02,7,42,57,69,72,10,3,2013,,,,,,,,,
2017-06-06,3,5,16,49,75,5,3,2013,,,,,,,,,
2017-06-09,3,16,28,33,37,9,5,2013,,,,,,,,,
2017-06-13,27,51,62,68,75,8,3,2013,,,,,,,,,
2017-06-16,18,22,26,30,44,9,5,2013,,,,,,,,,
2017-06-20,2,15,41,49,63,3,3,2013,,,,,,,,,
2017-06-23,12,20,53,66,74,11,2,2013,,,,,,,,,
2017-06-27,4,21,45,52,57,14,4,2013,,,,,,,,,
2017-06-30,10,38,51,55,64,6,5,2013,,,,,,,,,
2017-07-04,16,39,47,53,71,15,4,2013,,,,,,,,,
2017-07-07,2,9,11,28,60,10,5,2013,,,,,,,,,
2017-07-11,7,18,24,55,74,10,2,2013,,,,,,,,,
2017-07-14,11,12,24,32,73,1,4,2013,,,,,,,,,
2017-07-18,8,12,23,51,73,6,4,2013,,,,,,,,,
2017-07-21,18,31,36,50,74,10,4,2013,,,,,,,,,
2017-07-25,2,5,26,58,60,6,3,2013,,,,,,,,,
2017-07-28,4,6,31,49,52,11,3,2013,,,,,,,,,
2017-08-01,20,22,52,57,73,7,5,2013,,,,,,,,,
2017-08-04,9,17,25,63,71,4,5,2013,,,,,,,,,
2017-08-08,11,17,50,52,74,14,2,2013,,,,,,,,,
2017-08-11,23,33,53,56,58,6,5,2013,,,,,,,,,
2017-08-15,7,16,20,66,73,7,2,2013,,,,,,,,,
2017-08-18,1,31,34,40,75,6,3,2013,,,,,,,,,
2017-08-22,24,35,46,50,51,7,4,2013,,,,,,,,,
2017-08-25,17,38,42,51,65,11,5,2013,,,,,,,,,
2017-08-29,2,13,17,35,73,3,3,2013,,,,,,,,,
2017-09-01,4,13,31,50,64,12,5,2013,,,,,,,,,
2017-09-05,11,17,59,70,72,1,3,2013,,,,,,,,,
2017-09-08,4,5,14,26,73,14,3,2013,,,,,,,,,
2017-09-12,26,37,41,54,65,3,4,2013,,,,,,,,,
2017-09-15,18,24,34,38,58,3,4,2013,,,,,,,,,
2017-09-19,9,28,31,50,61,10,2,2013,,,,,,,,,
2017-09-22,5,39,54,63,66,15,5,2013,,,,,,,,,
2017-09-26,1,10,57,66,75,4,4,2013,,,,,,,,,
2017-09-29,25,51,62,73,74,7,5,2013,,,,,,,,,
2017-10-03,12,18,19,25,67,7,5,2013,,,,,,,,,
2017-10-06,21,33,36,45,56,12,5,2013,,,,,,,,,
2017-10-10,7,16,24,61,62,2,5,2013,,,,,,,,,
2017-10-13,2,7,18,26,31,12,2,2013,,,,,,,,,
2017-10-17,31,45,49,56,70,11,5,2013,,,,,,,,,
2017-10-20,6,23,63,66,73,9,2,2013,,,,,,,,,
2017-10-24,20,24,34,56,64,6,4,2013,,,,,,,,,
2017-10-27,17,27,41,51,52,13,5,2013,,,,,,,,,
2017-10-31,6,28,31,52,53,12,4,2017,"<<- New rules in effect,  5 / (1-70) + 1 (1-25),  $2 price ",,,,,,,,
2017-11-03,10,22,42,61,69,3,2,2017,,,,,,,,,
2017-11-07,1,54,60,68,69,11,4,2017,,Latest Game Statistics (since October 31 2017),,,,,Old Rules,2013 Rules,
2017-11-10,6,23,38,42,58,24,2,2017,,,Perfect Frequency =,,1.43%,,,,
2017-11-14,1,14,21,22,28,19,3,2017,,Number,# of times,Frequency,,MegaBall,# of times ,Frequency,
2017-11-17,3,26,55,58,70,15,4,2017,,1,12,3.16%,,1,5,6.58%,
2017-11-21,3,7,22,27,50,3,3,2017,,2,7,1.84%,,2,3,3.95%,
2017-11-24,16,36,54,61,64,22,3,2017,,3,6,1.58%,,3,3,3.95%,
2017-11-28,10,17,47,51,61,5,2,2017,,4,7,1.84%,,4,3,3.95%,
2017-12-01,16,22,40,41,59,8,4,2017,,5,5,1.32%,,5,1,1.32%,
2017-12-05,14,15,37,42,67,22,4,2017,,6,6,1.58%,,6,1,1.32%,
2017-12-08,6,37,46,60,70,24,2,2017,,7,5,1.32%,,7,2,2.63%,
2017-12-12,8,23,24,25,27,9,2,2017,,8,5,1.32%,,8,2,2.63%,
2017-12-15,4,12,36,44,57,19,4,2017,,9,2,0.53%,,9,4,5.26%,
2017-12-19,28,37,39,42,58,2,3,2017,,10,8,2.11%,,10,3,3.95%,
2017-12-22,1,20,30,33,42,16,4,2017,,11,8,2.11%,,11,4,5.26%,
2017-12-26,10,12,20,38,41,25,4,2017,,12,5,1.32%,,12,2,2.63%,
2017-12-29,4,10,18,28,62,7,2,2017,,13,5,1.32%,,13,3,3.95%,
2018-01-02,1,42,47,64,70,22,4,2017,,14,10,2.63%,,14,5,6.58%,
2018-01-05,28,30,39,59,70,10,3,2017,,15,4,1.05%,,15,1,1.32%,
2018-01-09,16,29,31,65,67,23,3,2017,,16,6,1.58%,,16,3,3.95%,
2018-01-12,17,18,33,46,60,24,4,2017,,17,11,2.89%,,17,3,3.95%,
2018-01-16,3,11,23,29,59,18,3,2017,,18,5,1.32%,,18,1,1.32%,
2018-01-19,3,17,23,49,66,23,3,2017,,19,3,0.79%,,19,3,3.95%,
2018-01-23,2,6,30,31,55,7,4,2017,,20,3,0.79%,,20,3,3.95%,
2018-01-26,10,16,27,38,43,1,4,2017,,21,5,1.32%,,21,2,2.63%,
2018-01-30,29,41,42,49,57,24,3,2017,,22,6,1.58%,,22,7,9.21%,
2018-02-02,1,4,14,17,40,4,3,2017,,23,6,1.58%,,23,5,6.58%,
2018-02-06,14,17,25,48,58,25,3,2017,,24,4,1.05%,,24,4,5.26%,
2018-02-09,28,34,41,46,47,14,3,2017,,25,4,1.05%,,25,3,3.95%,
2018-02-13,5,12,15,46,49,1,4,2017,,26,4,1.05%,,,,,
2018-02-16,14,38,48,53,58,16,3,2017,,27,4,1.05%,,,,,
2018-02-20,17,19,23,24,43,14,3,2017,,28,10,2.63%,,,,,
2018-02-23,7,11,13,19,58,9,4,2017,,29,6,1.58%,,,,,
2018-02-27,10,17,21,38,43,23,3,2017,,30,6,1.58%,,,,,
2018-03-02,24,28,42,60,64,8,4,2017,,31,6,1.58%,,,,,
2018-03-06,1,4,26,35,39,22,5,2017,,32,4,1.05%,,,,,
2018-03-09,7,17,18,46,66,22,4,2017,,33,6,1.58%,,,,,
2018-03-13,6,30,58,60,61,17,5,2017,,34,3,0.79%,,,,,
2018-03-16,1,13,26,33,52,11,3,2017,,35,2,0.53%,,,,,
2018-03-20,14,38,51,64,70,9,3,2017,,36,3,0.79%,,,,,
2018-03-23,4,8,23,53,59,17,3,2017,,37,4,1.05%,,,,,
2018-03-27,7,25,43,56,59,13,3,2017,,38,8,2.11%,,,,,
2018-03-30,11,28,31,46,59,1,3,2017,,39,7,1.84%,,,,,
2018-04-03,4,29,39,42,62,14,2,2017,,40,4,1.05%,,,,,
2018-04-06,16,33,51,54,67,20,4,2017,,41,6,1.58%,,,,,
2018-04-10,5,13,31,43,53,20,2,2017,,42,10,2.63%,,,,,
2018-04-13,8,9,32,42,59,10,4,2017,,43,5,1.32%,,,,,
2018-04-17,12,34,44,47,65,22,4,2017,,44,6,1.58%,,,,,
2018-04-20,1,15,18,32,45,4,2,2017,,45,2,0.53%,,,,,
2018-04-24,3,19,31,32,48,10,3,2017,,46,7,1.84%,,,,,
2018-04-27,2,29,38,63,66,11,2,2017,,47,6,1.58%,,,,,
2018-05-01,2,7,20,55,70,1,4,2017,,48,5,1.32%,,,,,
2018-05-04,4,5,10,12,18,21,4,2017,,49,6,1.58%,,,,,
2018-05-08,8,15,39,64,67,13,2,2017,,50,2,0.53%,,,,,
2018-05-11,14,38,40,53,70,22,3,2017,,51,5,1.32%,,,,,
2018-05-15,21,34,44,49,61,21,2,2017,,52,4,1.05%,,,,,
2018-05-18,9,26,53,64,66,11,2,2017,,53,6,1.58%,,,,,
2018-05-22,16,17,21,36,48,9,3,2017,,54,3,0.79%,,,,,
2018-05-25,11,14,51,64,68,25,4,2017,,55,4,1.05%,,,,,
2018-05-29,2,11,55,58,67,2,3,2017,,56,4,1.05%,,,,,
2018-06-01,5,24,52,62,66,17,3,2017,,57,2,0.53%,,,,,
2018-06-05,22,33,41,48,52,4,2,2017,,58,8,2.11%,,,,,
2018-06-08,14,30,33,44,56,13,2,2017,,59,8,2.11%,,,,,
2018-06-12,1,3,5,8,70,3,2,2017,,60,6,1.58%,,,,,
2018-06-15,1,11,37,47,51,6,2,2017,,61,6,1.58%,,,,,
2018-06-19,11,13,28,65,70,14,3,2017,,62,4,1.05%,,,,,
2018-06-22,2,6,11,27,44,20,2,2017,,63,1,0.26%,,,,,
2018-06-26,17,25,29,39,60,19,2,2017,,64,7,1.84%,,,,,
2018-06-29,2,32,47,49,68,23,4,2017,,65,3,0.79%,,,,,
2018-07-03,13,35,45,49,68,23,2,2017,,66,6,1.58%,,,,,
2018-07-06,2,10,46,50,56,16,3,2017,,67,6,1.58%,,,,,
2018-07-10,1,17,28,56,70,14,3,2017,,68,5,1.32%,,,,,
2018-07-13,21,22,39,59,68,2,2,2017,,69,2,0.53%,,,,,
2018-07-17,40,41,61,66,67,12,5,2017,,70,10,2.63%,,,,,
2018-07-20,1,14,30,44,62,1,2,2017,,,,,,,,,